ENTIDAD,NOMBRE_ENTIDAD,DISTRITO_FEDERAL,DISTRITO_LOCAL,ID_MUNICIPIO,NOMBRE_MUNICIPIO,SECCION,LISTA_NOMINAL,RANKING_LISTA_NOMINAL,CATEGORIA_LISTA_NOMINAL
19,NUEVO LEON,12,23,32,JUAREZ,2308,13715,1° lugar,MEGASECCION
19,NUEVO LEON,12,22,32,JUAREZ,2352,10338,2° lugar,MEGASECCION
19,NUEVO LEON,12,23,32,JUAREZ,2680,8760,3° lugar,MEGASECCION
19,NUEVO LEON,13,4,46,SALINAS VICTORIA,1752,8460,4° lugar,MEGASECCION
19,NUEVO LEON,8,14,26,GUADALUPE,647,8457,5° lugar,MEGASECCION
19,NUEVO LEON,2,16,6,APODACA,66,8165,6° lugar,MEGASECCION
19,NUEVO LEON,2,16,6,APODACA,70,7731,7° lugar,MEGASECCION
19,NUEVO LEON,12,22,32,JUAREZ,2334,7716,8° lugar,MEGASECCION
19,NUEVO LEON,12,22,32,JUAREZ,2392,7712,9° lugar,MEGASECCION
19,NUEVO LEON,7,12,18,GARCIA,2547,7681,10° lugar,MEGASECCION
19,NUEVO LEON,8,14,26,GUADALUPE,622,7420,11° lugar,SECCION GRANDE
19,NUEVO LEON,1,19,48,SANTA CATARINA,2053,7380,12° lugar,SECCION GRANDE
19,NUEVO LEON,11,13,26,GUADALUPE,794,7335,13° lugar,SECCION GRANDE
19,NUEVO LEON,9,26,39,MONTEMORELOS,961,7197,14° lugar,SECCION GRANDE
19,NUEVO LEON,12,23,32,JUAREZ,839,7193,15° lugar,SECCION GRANDE
19,NUEVO LEON,1,19,48,SANTA CATARINA,2000,7114,16° lugar,SECCION GRANDE
19,NUEVO LEON,13,4,46,SALINAS VICTORIA,2769,7079,17° lugar,SECCION GRANDE
19,NUEVO LEON,14,11,42,PESQUERIA,1707,7032,18° lugar,SECCION GRANDE
19,NUEVO LEON,7,20,18,GARCIA,2557,6945,19° lugar,SECCION GRANDE
19,NUEVO LEON,13,4,10,CARMEN,2437,6920,20° lugar,SECCION GRANDE
19,NUEVO LEON,9,24,34,LINARES,882,6842,21° lugar,SECCION GRANDE
19,NUEVO LEON,6,3,40,MONTERREY,1506,6842,22° lugar,SECCION GRANDE
19,NUEVO LEON,9,26,4,ALLENDE,20,6679,23° lugar,SECCION GRANDE
19,NUEVO LEON,7,12,18,GARCIA,2275,6622,24° lugar,SECCION GRANDE
19,NUEVO LEON,5,1,40,MONTERREY,2132,6617,25° lugar,SECCION GRANDE
19,NUEVO LEON,9,26,39,MONTEMORELOS,948,6369,26° lugar,SECCION GRANDE
19,NUEVO LEON,12,22,32,JUAREZ,2406,6313,27° lugar,SECCION GRANDE
19,NUEVO LEON,1,18,48,SANTA CATARINA,2003,6302,28° lugar,SECCION GRANDE
19,NUEVO LEON,7,12,18,GARCIA,2823,6238,29° lugar,SECCION GRANDE
19,NUEVO LEON,8,7,6,APODACA,148,6224,30° lugar,SECCION GRANDE
19,NUEVO LEON,10,8,40,MONTERREY,1428,6224,31° lugar,SECCION GRANDE
19,NUEVO LEON,5,1,40,MONTERREY,2133,6195,32° lugar,SECCION GRANDE
19,NUEVO LEON,1,19,48,SANTA CATARINA,1999,6175,33° lugar,SECCION GRANDE
19,NUEVO LEON,1,19,48,SANTA CATARINA,2049,6165,34° lugar,SECCION GRANDE
19,NUEVO LEON,3,25,21,GRAL. ESCOBEDO,443,6150,35° lugar,SECCION GRANDE
19,NUEVO LEON,6,3,40,MONTERREY,1574,6132,36° lugar,SECCION GRANDE
19,NUEVO LEON,8,5,6,APODACA,131,6096,37° lugar,SECCION GRANDE
19,NUEVO LEON,11,13,26,GUADALUPE,804,6060,38° lugar,SECCION GRANDE
19,NUEVO LEON,14,21,25,GRAL. ZUAZUA,2649,6010,39° lugar,SECCION GRANDE
19,NUEVO LEON,10,8,40,MONTERREY,1416,5975,40° lugar,SECCION MEDIA
19,NUEVO LEON,4,9,47,SAN NICOLAS DE LOS GARZA,1964,5922,41° lugar,SECCION MEDIA
19,NUEVO LEON,10,8,40,MONTERREY,1425,5894,42° lugar,SECCION MEDIA
19,NUEVO LEON,13,4,46,SALINAS VICTORIA,2768,5856,43° lugar,SECCION MEDIA
19,NUEVO LEON,5,1,40,MONTERREY,1448,5824,44° lugar,SECCION MEDIA
19,NUEVO LEON,1,19,48,SANTA CATARINA,2045,5722,45° lugar,SECCION MEDIA
19,NUEVO LEON,3,25,21,GRAL. ESCOBEDO,2148,5673,46° lugar,SECCION MEDIA
19,NUEVO LEON,14,21,25,GRAL. ZUAZUA,524,5668,47° lugar,SECCION MEDIA
19,NUEVO LEON,11,13,26,GUADALUPE,799,5637,48° lugar,SECCION MEDIA
19,NUEVO LEON,1,18,19,SAN PEDRO GARZA GARCIA,390,5578,49° lugar,SECCION MEDIA
19,NUEVO LEON,9,24,34,LINARES,864,5565,50° lugar,SECCION MEDIA
19,NUEVO LEON,1,18,19,SAN PEDRO GARZA GARCIA,389,5519,51° lugar,SECCION MEDIA
19,NUEVO LEON,3,25,21,GRAL. ESCOBEDO,458,5340,52° lugar,SECCION MEDIA
19,NUEVO LEON,11,15,26,GUADALUPE,581,5265,53° lugar,SECCION MEDIA
19,NUEVO LEON,5,1,40,MONTERREY,2129,5218,54° lugar,SECCION MEDIA
19,NUEVO LEON,9,24,49,SANTIAGO,2101,5192,55° lugar,SECCION MEDIA
19,NUEVO LEON,12,23,32,JUAREZ,841,5148,56° lugar,SECCION MEDIA
19,NUEVO LEON,12,22,32,JUAREZ,2343,5055,57° lugar,SECCION MEDIA
19,NUEVO LEON,3,17,21,GRAL. ESCOBEDO,447,4939,58° lugar,SECCION MEDIA
19,NUEVO LEON,14,26,9,CADEREYTA JIMENEZ,172,4931,59° lugar,SECCION MEDIA
19,NUEVO LEON,14,26,9,CADEREYTA JIMENEZ,2727,4889,60° lugar,SECCION MEDIA
19,NUEVO LEON,9,24,34,LINARES,865,4876,61° lugar,SECCION MEDIA
19,NUEVO LEON,5,1,40,MONTERREY,2130,4813,62° lugar,SECCION MEDIA
19,NUEVO LEON,9,26,39,MONTEMORELOS,939,4811,63° lugar,SECCION MEDIA
19,NUEVO LEON,3,17,21,GRAL. ESCOBEDO,448,4761,64° lugar,SECCION MEDIA
19,NUEVO LEON,2,5,6,APODACA,2198,4758,65° lugar,SECCION MEDIA
19,NUEVO LEON,3,25,21,GRAL. ESCOBEDO,2532,4737,66° lugar,SECCION MEDIA
19,NUEVO LEON,2,16,6,APODACA,81,4727,67° lugar,SECCION MEDIA
19,NUEVO LEON,3,17,21,GRAL. ESCOBEDO,449,4725,68° lugar,SECCION MEDIA
19,NUEVO LEON,4,9,47,SAN NICOLAS DE LOS GARZA,1978,4623,69° lugar,SECCION MEDIA
19,NUEVO LEON,7,12,18,GARCIA,2826,4616,70° lugar,SECCION MEDIA
19,NUEVO LEON,5,1,40,MONTERREY,2128,4608,71° lugar,SECCION MEDIA
19,NUEVO LEON,8,7,6,APODACA,2199,4602,72° lugar,SECCION MEDIA
19,NUEVO LEON,3,17,21,GRAL. ESCOBEDO,459,4598,73° lugar,SECCION MEDIA
19,NUEVO LEON,2,16,6,APODACA,69,4575,74° lugar,SECCION MEDIA
19,NUEVO LEON,12,23,32,JUAREZ,2868,4566,75° lugar,SECCION MEDIA
19,NUEVO LEON,4,9,47,SAN NICOLAS DE LOS GARZA,1963,4562,76° lugar,SECCION MEDIA
19,NUEVO LEON,13,4,10,CARMEN,3079,4556,77° lugar,SECCION MEDIA
19,NUEVO LEON,6,3,40,MONTERREY,1092,4538,78° lugar,SECCION MEDIA
19,NUEVO LEON,1,19,48,SANTA CATARINA,2048,4521,79° lugar,SECCION MEDIA
19,NUEVO LEON,9,24,34,LINARES,863,4513,80° lugar,SECCION MEDIA
19,NUEVO LEON,10,8,40,MONTERREY,1429,4494,81° lugar,SECCION PEQUEÑA
19,NUEVO LEON,8,14,26,GUADALUPE,604,4477,82° lugar,SECCION PEQUEÑA
19,NUEVO LEON,6,3,40,MONTERREY,2808,4446,83° lugar,SECCION PEQUEÑA
19,NUEVO LEON,6,3,40,MONTERREY,2804,4426,84° lugar,SECCION PEQUEÑA
19,NUEVO LEON,9,26,39,MONTEMORELOS,935,4384,85° lugar,SECCION PEQUEÑA
19,NUEVO LEON,8,14,26,GUADALUPE,619,4370,86° lugar,SECCION PEQUEÑA
19,NUEVO LEON,6,3,40,MONTERREY,2801,4333,87° lugar,SECCION PEQUEÑA
19,NUEVO LEON,7,20,18,GARCIA,2552,4330,88° lugar,SECCION PEQUEÑA
19,NUEVO LEON,4,9,47,SAN NICOLAS DE LOS GARZA,1896,4303,89° lugar,SECCION PEQUEÑA
19,NUEVO LEON,1,18,48,SANTA CATARINA,2009,4294,90° lugar,SECCION PEQUEÑA
19,NUEVO LEON,12,23,32,JUAREZ,2863,4267,91° lugar,SECCION PEQUEÑA
19,NUEVO LEON,7,12,18,GARCIA,2548,4237,92° lugar,SECCION PEQUEÑA
19,NUEVO LEON,1,18,48,SANTA CATARINA,2008,4178,93° lugar,SECCION PEQUEÑA
19,NUEVO LEON,6,2,40,MONTERREY,1504,4153,94° lugar,SECCION PEQUEÑA
19,NUEVO LEON,13,4,10,CARMEN,3062,4145,95° lugar,SECCION PEQUEÑA
19,NUEVO LEON,2,16,6,APODACA,88,4129,96° lugar,SECCION PEQUEÑA
19,NUEVO LEON,1,18,19,SAN PEDRO GARZA GARCIA,388,4102,97° lugar,SECCION PEQUEÑA
19,NUEVO LEON,8,7,6,APODACA,145,4075,98° lugar,SECCION PEQUEÑA
19,NUEVO LEON,3,25,21,GRAL. ESCOBEDO,444,4071,99° lugar,SECCION PEQUEÑA
19,NUEVO LEON,14,26,9,CADEREYTA JIMENEZ,2729,4057,100° lugar,SECCION PEQUEÑA
19,NUEVO LEON,4,10,47,SAN NICOLAS DE LOS GARZA,1770,4053,101° lugar,SECCION PEQUEÑA
19,NUEVO LEON,13,4,46,SALINAS VICTORIA,1755,3983,102° lugar,SECCION PEQUEÑA
19,NUEVO LEON,3,25,21,GRAL. ESCOBEDO,442,3975,103° lugar,SECCION PEQUEÑA
19,NUEVO LEON,12,23,32,JUAREZ,2664,3970,104° lugar,SECCION PEQUEÑA
19,NUEVO LEON,13,4,10,CARMEN,3081,3970,105° lugar,SECCION PEQUEÑA
19,NUEVO LEON,3,17,21,GRAL. ESCOBEDO,2760,3955,106° lugar,SECCION PEQUEÑA
19,NUEVO LEON,14,11,42,PESQUERIA,2884,3937,107° lugar,SECCION PEQUEÑA
19,NUEVO LEON,10,8,40,MONTERREY,1421,3927,108° lugar,SECCION PEQUEÑA
19,NUEVO LEON,4,10,47,SAN NICOLAS DE LOS GARZA,1901,3926,109° lugar,SECCION PEQUEÑA
19,NUEVO LEON,3,25,21,GRAL. ESCOBEDO,2757,3923,110° lugar,SECCION PEQUEÑA
19,NUEVO LEON,7,20,18,GARCIA,2837,3919,111° lugar,SECCION PEQUEÑA
19,NUEVO LEON,13,4,10,CARMEN,3077,3915,112° lugar,SECCION PEQUEÑA
19,NUEVO LEON,2,5,6,APODACA,110,3904,113° lugar,SECCION PEQUEÑA
19,NUEVO LEON,4,10,47,SAN NICOLAS DE LOS GARZA,1897,3883,114° lugar,SECCION PEQUEÑA
19,NUEVO LEON,14,26,9,CADEREYTA JIMENEZ,2740,3879,115° lugar,SECCION PEQUEÑA
19,NUEVO LEON,3,25,21,GRAL. ESCOBEDO,2748,3877,116° lugar,SECCION PEQUEÑA
19,NUEVO LEON,7,12,18,GARCIA,2280,3874,117° lugar,SECCION PEQUEÑA
19,NUEVO LEON,13,4,46,SALINAS VICTORIA,2783,3832,118° lugar,SECCION PEQUEÑA
19,NUEVO LEON,14,11,42,PESQUERIA,2888,3806,119° lugar,SECCION PEQUEÑA
19,NUEVO LEON,3,17,21,GRAL. ESCOBEDO,2763,3800,120° lugar,SECCION PEQUEÑA
19,NUEVO LEON,10,8,40,MONTERREY,1405,3794,121° lugar,SECCION PEQUEÑA
19,NUEVO LEON,3,25,21,GRAL. ESCOBEDO,2813,3788,122° lugar,SECCION PEQUEÑA
19,NUEVO LEON,7,20,18,GARCIA,2569,3777,123° lugar,SECCION PEQUEÑA
19,NUEVO LEON,14,11,42,PESQUERIA,1703,3773,124° lugar,SECCION PEQUEÑA
19,NUEVO LEON,7,20,18,GARCIA,2840,3752,125° lugar,SECCION PEQUEÑA
19,NUEVO LEON,1,19,48,SANTA CATARINA,2786,3703,126° lugar,SECCION PEQUEÑA
19,NUEVO LEON,7,12,18,GARCIA,3097,3695,127° lugar,SECCION PEQUEÑA
19,NUEVO LEON,11,15,26,GUADALUPE,759,3685,128° lugar,SECCION PEQUEÑA
19,NUEVO LEON,2,5,6,APODACA,107,3675,129° lugar,SECCION PEQUEÑA
19,NUEVO LEON,6,2,40,MONTERREY,1492,3666,130° lugar,SECCION PEQUEÑA
19,NUEVO LEON,13,4,46,SALINAS VICTORIA,2782,3656,131° lugar,SECCION PEQUEÑA
19,NUEVO LEON,3,25,21,GRAL. ESCOBEDO,2810,3652,132° lugar,SECCION PEQUEÑA
19,NUEVO LEON,2,5,6,APODACA,2923,3643,133° lugar,SECCION PEQUEÑA
19,NUEVO LEON,9,24,34,LINARES,883,3638,134° lugar,SECCION PEQUEÑA
19,NUEVO LEON,13,4,46,SALINAS VICTORIA,2770,3638,135° lugar,SECCION PEQUEÑA
19,NUEVO LEON,12,22,32,JUAREZ,2358,3637,136° lugar,SECCION PEQUEÑA
19,NUEVO LEON,9,24,49,SANTIAGO,2097,3605,137° lugar,SECCION PEQUEÑA
19,NUEVO LEON,7,12,18,GARCIA,3004,3587,138° lugar,SECCION PEQUEÑA
19,NUEVO LEON,6,2,40,MONTERREY,1585,3586,139° lugar,SECCION PEQUEÑA
19,NUEVO LEON,1,18,48,SANTA CATARINA,2019,3566,140° lugar,SECCION PEQUEÑA
19,NUEVO LEON,3,17,21,GRAL. ESCOBEDO,2759,3565,141° lugar,SECCION PEQUEÑA
19,NUEVO LEON,5,1,40,MONTERREY,1487,3555,142° lugar,SECCION PEQUEÑA
19,NUEVO LEON,8,14,26,GUADALUPE,706,3547,143° lugar,SECCION PEQUEÑA
19,NUEVO LEON,14,26,9,CADEREYTA JIMENEZ,2730,3541,144° lugar,SECCION PEQUEÑA
19,NUEVO LEON,12,22,32,JUAREZ,2375,3540,145° lugar,SECCION PEQUEÑA
19,NUEVO LEON,11,13,26,GUADALUPE,788,3522,146° lugar,SECCION PEQUEÑA
19,NUEVO LEON,1,18,19,SAN PEDRO GARZA GARCIA,359,3516,147° lugar,SECCION PEQUEÑA
19,NUEVO LEON,1,19,48,SANTA CATARINA,2793,3506,148° lugar,SECCION PEQUEÑA
19,NUEVO LEON,11,13,26,GUADALUPE,777,3501,149° lugar,SECCION PEQUEÑA
19,NUEVO LEON,1,19,48,SANTA CATARINA,2039,3490,150° lugar,SECCION PEQUEÑA
19,NUEVO LEON,1,19,48,SANTA CATARINA,2079,3474,151° lugar,SECCION PEQUEÑA
19,NUEVO LEON,6,3,40,MONTERREY,2805,3470,152° lugar,SECCION PEQUEÑA
19,NUEVO LEON,6,3,40,MONTERREY,2806,3457,153° lugar,SECCION PEQUEÑA
19,NUEVO LEON,14,26,9,CADEREYTA JIMENEZ,2728,3455,154° lugar,SECCION PEQUEÑA
19,NUEVO LEON,5,1,40,MONTERREY,1449,3454,155° lugar,SECCION PEQUEÑA
19,NUEVO LEON,6,3,40,MONTERREY,1091,3451,156° lugar,SECCION PEQUEÑA
19,NUEVO LEON,13,4,10,CARMEN,3076,3435,157° lugar,SECCION PEQUEÑA
19,NUEVO LEON,12,22,32,JUAREZ,2388,3427,158° lugar,SECCION PEQUEÑA
19,NUEVO LEON,3,25,21,GRAL. ESCOBEDO,2139,3420,159° lugar,SECCION PEQUEÑA
19,NUEVO LEON,3,25,21,GRAL. ESCOBEDO,2817,3418,160° lugar,SECCION PEQUEÑA
19,NUEVO LEON,10,6,40,MONTERREY,1134,3409,161° lugar,SECCION PEQUEÑA
19,NUEVO LEON,6,3,40,MONTERREY,1096,3408,162° lugar,SECCION PEQUEÑA
19,NUEVO LEON,12,22,32,JUAREZ,2405,3406,163° lugar,SECCION PEQUEÑA
19,NUEVO LEON,11,13,26,GUADALUPE,791,3398,164° lugar,SECCION PEQUEÑA
19,NUEVO LEON,2,16,6,APODACA,87,3385,165° lugar,SECCION PEQUEÑA
19,NUEVO LEON,3,25,21,GRAL. ESCOBEDO,2149,3384,166° lugar,SECCION PEQUEÑA
19,NUEVO LEON,2,16,6,APODACA,3049,3380,167° lugar,SECCION PEQUEÑA
19,NUEVO LEON,13,4,10,CARMEN,3082,3380,168° lugar,SECCION PEQUEÑA
19,NUEVO LEON,2,5,6,APODACA,63,3369,169° lugar,SECCION PEQUEÑA
19,NUEVO LEON,14,11,42,PESQUERIA,2893,3368,170° lugar,SECCION PEQUEÑA
19,NUEVO LEON,13,4,28,HIDALGO,816,3366,171° lugar,SECCION PEQUEÑA
19,NUEVO LEON,4,9,47,SAN NICOLAS DE LOS GARZA,1977,3363,172° lugar,SECCION PEQUEÑA
19,NUEVO LEON,9,24,34,LINARES,866,3334,173° lugar,SECCION PEQUEÑA
19,NUEVO LEON,2,5,6,APODACA,2440,3333,174° lugar,SECCION PEQUEÑA
19,NUEVO LEON,1,19,48,SANTA CATARINA,2797,3328,175° lugar,SECCION PEQUEÑA
19,NUEVO LEON,10,8,40,MONTERREY,1409,3326,176° lugar,SECCION PEQUEÑA
19,NUEVO LEON,11,13,26,GUADALUPE,789,3324,177° lugar,SECCION PEQUEÑA
19,NUEVO LEON,14,11,35,MARIN,910,3323,178° lugar,SECCION PEQUEÑA
19,NUEVO LEON,6,2,40,MONTERREY,1513,3291,179° lugar,SECCION PEQUEÑA
19,NUEVO LEON,2,5,6,APODACA,132,3281,180° lugar,SECCION PEQUEÑA
19,NUEVO LEON,11,13,26,GUADALUPE,787,3280,181° lugar,SECCION PEQUEÑA
19,NUEVO LEON,13,21,12,CIENEGA DE FLORES,3083,3280,182° lugar,SECCION PEQUEÑA
19,NUEVO LEON,8,7,6,APODACA,2272,3278,183° lugar,SECCION PEQUEÑA
19,NUEVO LEON,10,8,40,MONTERREY,3015,3263,184° lugar,SECCION PEQUEÑA
19,NUEVO LEON,13,4,10,CARMEN,3078,3262,185° lugar,SECCION PEQUEÑA
19,NUEVO LEON,3,17,21,GRAL. ESCOBEDO,2761,3260,186° lugar,SECCION PEQUEÑA
19,NUEVO LEON,14,26,9,CADEREYTA JIMENEZ,2738,3257,187° lugar,SECCION PEQUEÑA
19,NUEVO LEON,7,20,18,GARCIA,2845,3247,188° lugar,SECCION PEQUEÑA
19,NUEVO LEON,7,12,18,GARCIA,2827,3246,189° lugar,SECCION PEQUEÑA
19,NUEVO LEON,6,3,40,MONTERREY,1488,3241,190° lugar,SECCION PEQUEÑA
19,NUEVO LEON,13,21,12,CIENEGA DE FLORES,2851,3240,191° lugar,SECCION PEQUEÑA
19,NUEVO LEON,13,21,12,CIENEGA DE FLORES,236,3231,192° lugar,SECCION PEQUEÑA
19,NUEVO LEON,13,4,46,SALINAS VICTORIA,2784,3225,193° lugar,SECCION PEQUEÑA
19,NUEVO LEON,6,3,40,MONTERREY,2803,3219,194° lugar,SECCION PEQUEÑA
19,NUEVO LEON,14,11,42,PESQUERIA,2889,3215,195° lugar,SECCION PEQUEÑA
19,NUEVO LEON,13,21,12,CIENEGA DE FLORES,2853,3211,196° lugar,SECCION PEQUEÑA
19,NUEVO LEON,6,3,40,MONTERREY,2799,3206,197° lugar,SECCION PEQUEÑA
19,NUEVO LEON,6,3,40,MONTERREY,1090,3202,198° lugar,SECCION PEQUEÑA
19,NUEVO LEON,3,25,21,GRAL. ESCOBEDO,2820,3202,199° lugar,SECCION PEQUEÑA
19,NUEVO LEON,7,12,18,GARCIA,2274,3193,200° lugar,SECCION PEQUEÑA
19,NUEVO LEON,1,18,19,SAN PEDRO GARZA GARCIA,410,3171,201° lugar,SECCION PEQUEÑA
19,NUEVO LEON,14,26,9,CADEREYTA JIMENEZ,2744,3157,202° lugar,SECCION PEQUEÑA
19,NUEVO LEON,9,24,34,LINARES,860,3151,203° lugar,SECCION PEQUEÑA
19,NUEVO LEON,11,13,26,GUADALUPE,743,3150,204° lugar,SECCION PEQUEÑA
19,NUEVO LEON,14,26,9,CADEREYTA JIMENEZ,2904,3141,205° lugar,SECCION PEQUEÑA
19,NUEVO LEON,2,5,6,APODACA,122,3125,206° lugar,SECCION PEQUEÑA
19,NUEVO LEON,3,17,21,GRAL. ESCOBEDO,2762,3123,207° lugar,SECCION PEQUEÑA
19,NUEVO LEON,6,2,40,MONTERREY,1595,3116,208° lugar,SECCION PEQUEÑA
19,NUEVO LEON,13,21,12,CIENEGA DE FLORES,2857,3111,209° lugar,SECCION PEQUEÑA
19,NUEVO LEON,7,12,18,GARCIA,2296,3110,210° lugar,SECCION PEQUEÑA
19,NUEVO LEON,1,19,48,SANTA CATARINA,2796,3108,211° lugar,SECCION PEQUEÑA
19,NUEVO LEON,3,17,21,GRAL. ESCOBEDO,470,3095,212° lugar,SECCION PEQUEÑA
19,NUEVO LEON,4,9,47,SAN NICOLAS DE LOS GARZA,1961,3084,213° lugar,SECCION PEQUEÑA
19,NUEVO LEON,2,16,6,APODACA,2919,3084,214° lugar,SECCION PEQUEÑA
19,NUEVO LEON,14,11,42,PESQUERIA,2712,3082,215° lugar,SECCION PEQUEÑA
19,NUEVO LEON,4,10,47,SAN NICOLAS DE LOS GARZA,1869,3078,216° lugar,SECCION PEQUEÑA
19,NUEVO LEON,12,22,32,JUAREZ,2882,3072,217° lugar,SECCION PEQUEÑA
19,NUEVO LEON,13,4,10,CARMEN,219,3070,218° lugar,SECCION PEQUEÑA
19,NUEVO LEON,9,24,49,SANTIAGO,2098,3058,219° lugar,SECCION PEQUEÑA
19,NUEVO LEON,9,26,39,MONTEMORELOS,931,3050,220° lugar,SECCION PEQUEÑA
19,NUEVO LEON,13,21,12,CIENEGA DE FLORES,3086,3046,221° lugar,SECCION PEQUEÑA
19,NUEVO LEON,3,25,21,GRAL. ESCOBEDO,2818,3035,222° lugar,SECCION PEQUEÑA
19,NUEVO LEON,3,17,21,GRAL. ESCOBEDO,2939,3033,223° lugar,SECCION PEQUEÑA
19,NUEVO LEON,2,16,6,APODACA,73,3023,224° lugar,SECCION PEQUEÑA
19,NUEVO LEON,9,24,49,SANTIAGO,2099,3021,225° lugar,SECCION PEQUEÑA
19,NUEVO LEON,11,15,26,GUADALUPE,781,3015,226° lugar,SECCION PEQUEÑA
19,NUEVO LEON,4,10,47,SAN NICOLAS DE LOS GARZA,1769,3011,227° lugar,SECCION PEQUEÑA
19,NUEVO LEON,6,3,40,MONTERREY,1575,3009,228° lugar,SECCION PEQUEÑA
19,NUEVO LEON,9,26,4,ALLENDE,21,2991,229° lugar,MICROSECCION
19,NUEVO LEON,14,11,42,PESQUERIA,2713,2980,230° lugar,MICROSECCION
19,NUEVO LEON,13,4,46,SALINAS VICTORIA,2781,2968,231° lugar,MICROSECCION
19,NUEVO LEON,5,1,40,MONTERREY,1455,2967,232° lugar,MICROSECCION
19,NUEVO LEON,8,13,26,GUADALUPE,712,2963,233° lugar,MICROSECCION
19,NUEVO LEON,12,22,32,JUAREZ,2399,2957,234° lugar,MICROSECCION
19,NUEVO LEON,7,12,18,GARCIA,2844,2955,235° lugar,MICROSECCION
19,NUEVO LEON,7,12,18,GARCIA,3099,2954,236° lugar,MICROSECCION
19,NUEVO LEON,3,17,21,GRAL. ESCOBEDO,2932,2953,237° lugar,MICROSECCION
19,NUEVO LEON,12,22,32,JUAREZ,2880,2948,238° lugar,MICROSECCION
19,NUEVO LEON,2,5,6,APODACA,2980,2943,239° lugar,MICROSECCION
19,NUEVO LEON,1,19,48,SANTA CATARINA,2971,2942,240° lugar,MICROSECCION
19,NUEVO LEON,9,24,49,SANTIAGO,2086,2939,241° lugar,MICROSECCION
19,NUEVO LEON,2,5,6,APODACA,2978,2939,242° lugar,MICROSECCION
19,NUEVO LEON,5,1,40,MONTERREY,3056,2935,243° lugar,MICROSECCION
19,NUEVO LEON,2,5,6,APODACA,2470,2932,244° lugar,MICROSECCION
19,NUEVO LEON,1,19,48,SANTA CATARINA,2788,2930,245° lugar,MICROSECCION
19,NUEVO LEON,7,12,18,GARCIA,3098,2926,246° lugar,MICROSECCION
19,NUEVO LEON,2,16,6,APODACA,3129,2925,247° lugar,MICROSECCION
19,NUEVO LEON,7,12,18,GARCIA,3001,2914,248° lugar,MICROSECCION
19,NUEVO LEON,3,17,21,GRAL. ESCOBEDO,2943,2911,249° lugar,MICROSECCION
19,NUEVO LEON,9,24,17,GALEANA,311,2909,250° lugar,MICROSECCION
19,NUEVO LEON,10,8,40,MONTERREY,1412,2909,251° lugar,MICROSECCION
19,NUEVO LEON,3,25,21,GRAL. ESCOBEDO,456,2908,252° lugar,MICROSECCION
19,NUEVO LEON,2,16,6,APODACA,95,2896,253° lugar,MICROSECCION
19,NUEVO LEON,1,18,19,SAN PEDRO GARZA GARCIA,402,2894,254° lugar,MICROSECCION
19,NUEVO LEON,8,14,26,GUADALUPE,651,2882,255° lugar,MICROSECCION
19,NUEVO LEON,8,7,6,APODACA,2953,2879,256° lugar,MICROSECCION
19,NUEVO LEON,8,7,6,APODACA,2952,2877,257° lugar,MICROSECCION
19,NUEVO LEON,4,9,47,SAN NICOLAS DE LOS GARZA,2949,2875,258° lugar,MICROSECCION
19,NUEVO LEON,1,19,48,SANTA CATARINA,2911,2872,259° lugar,MICROSECCION
19,NUEVO LEON,4,9,47,SAN NICOLAS DE LOS GARZA,1989,2871,260° lugar,MICROSECCION
19,NUEVO LEON,13,21,12,CIENEGA DE FLORES,2859,2871,261° lugar,MICROSECCION
19,NUEVO LEON,12,23,32,JUAREZ,2328,2864,262° lugar,MICROSECCION
19,NUEVO LEON,11,15,26,GUADALUPE,626,2859,263° lugar,MICROSECCION
19,NUEVO LEON,3,17,21,GRAL. ESCOBEDO,2934,2857,264° lugar,MICROSECCION
19,NUEVO LEON,3,17,21,GRAL. ESCOBEDO,430,2853,265° lugar,MICROSECCION
19,NUEVO LEON,5,1,40,MONTERREY,3166,2852,266° lugar,MICROSECCION
19,NUEVO LEON,13,21,45,SABINAS HIDALGO,1738,2851,267° lugar,MICROSECCION
19,NUEVO LEON,3,17,21,GRAL. ESCOBEDO,3050,2846,268° lugar,MICROSECCION
19,NUEVO LEON,11,15,26,GUADALUPE,2901,2843,269° lugar,MICROSECCION
19,NUEVO LEON,11,13,26,GUADALUPE,803,2833,270° lugar,MICROSECCION
19,NUEVO LEON,13,21,12,CIENEGA DE FLORES,3088,2830,271° lugar,MICROSECCION
19,NUEVO LEON,11,15,26,GUADALUPE,594,2829,272° lugar,MICROSECCION
19,NUEVO LEON,14,11,42,PESQUERIA,2892,2813,273° lugar,MICROSECCION
19,NUEVO LEON,2,5,6,APODACA,2924,2809,274° lugar,MICROSECCION
19,NUEVO LEON,14,26,9,CADEREYTA JIMENEZ,2742,2808,275° lugar,MICROSECCION
19,NUEVO LEON,5,1,40,MONTERREY,2990,2806,276° lugar,MICROSECCION
19,NUEVO LEON,12,22,32,JUAREZ,2881,2805,277° lugar,MICROSECCION
19,NUEVO LEON,14,26,9,CADEREYTA JIMENEZ,2746,2798,278° lugar,MICROSECCION
19,NUEVO LEON,10,8,40,MONTERREY,1400,2789,279° lugar,MICROSECCION
19,NUEVO LEON,8,14,26,GUADALUPE,2960,2788,280° lugar,MICROSECCION
19,NUEVO LEON,3,17,21,GRAL. ESCOBEDO,2765,2784,281° lugar,MICROSECCION
19,NUEVO LEON,3,17,21,GRAL. ESCOBEDO,482,2783,282° lugar,MICROSECCION
19,NUEVO LEON,3,17,21,GRAL. ESCOBEDO,2766,2779,283° lugar,MICROSECCION
19,NUEVO LEON,4,9,47,SAN NICOLAS DE LOS GARZA,1962,2778,284° lugar,MICROSECCION
19,NUEVO LEON,2,5,6,APODACA,2979,2773,285° lugar,MICROSECCION
19,NUEVO LEON,14,11,42,PESQUERIA,1704,2772,286° lugar,MICROSECCION
19,NUEVO LEON,7,20,18,GARCIA,2839,2771,287° lugar,MICROSECCION
19,NUEVO LEON,7,12,18,GARCIA,3093,2771,288° lugar,MICROSECCION
19,NUEVO LEON,14,26,9,CADEREYTA JIMENEZ,174,2770,289° lugar,MICROSECCION
19,NUEVO LEON,14,26,9,CADEREYTA JIMENEZ,2906,2767,290° lugar,MICROSECCION
19,NUEVO LEON,5,1,40,MONTERREY,3055,2766,291° lugar,MICROSECCION
19,NUEVO LEON,12,23,32,JUAREZ,2319,2761,292° lugar,MICROSECCION
19,NUEVO LEON,3,17,21,GRAL. ESCOBEDO,3052,2761,293° lugar,MICROSECCION
19,NUEVO LEON,1,18,48,SANTA CATARINA,2081,2758,294° lugar,MICROSECCION
19,NUEVO LEON,3,17,21,GRAL. ESCOBEDO,2983,2757,295° lugar,MICROSECCION
19,NUEVO LEON,2,7,6,APODACA,123,2751,296° lugar,MICROSECCION
19,NUEVO LEON,12,22,32,JUAREZ,849,2750,297° lugar,MICROSECCION
19,NUEVO LEON,9,24,49,SANTIAGO,2104,2749,298° lugar,MICROSECCION
19,NUEVO LEON,13,4,46,SALINAS VICTORIA,2772,2748,299° lugar,MICROSECCION
19,NUEVO LEON,3,25,21,GRAL. ESCOBEDO,2812,2743,300° lugar,MICROSECCION
19,NUEVO LEON,5,1,40,MONTERREY,2992,2740,301° lugar,MICROSECCION
19,NUEVO LEON,9,24,34,LINARES,870,2737,302° lugar,MICROSECCION
19,NUEVO LEON,13,21,12,CIENEGA DE FLORES,3087,2736,303° lugar,MICROSECCION
19,NUEVO LEON,12,22,32,JUAREZ,2404,2735,304° lugar,MICROSECCION
19,NUEVO LEON,3,17,21,GRAL. ESCOBEDO,2981,2729,305° lugar,MICROSECCION
19,NUEVO LEON,12,22,32,JUAREZ,2376,2726,306° lugar,MICROSECCION
19,NUEVO LEON,5,1,40,MONTERREY,3058,2726,307° lugar,MICROSECCION
19,NUEVO LEON,11,13,26,GUADALUPE,800,2722,308° lugar,MICROSECCION
19,NUEVO LEON,4,10,47,SAN NICOLAS DE LOS GARZA,1763,2721,309° lugar,MICROSECCION
19,NUEVO LEON,6,3,40,MONTERREY,2999,2721,310° lugar,MICROSECCION
19,NUEVO LEON,3,25,21,GRAL. ESCOBEDO,2809,2720,311° lugar,MICROSECCION
19,NUEVO LEON,3,17,21,GRAL. ESCOBEDO,3053,2719,312° lugar,MICROSECCION
19,NUEVO LEON,5,2,40,MONTERREY,1521,2717,313° lugar,MICROSECCION
19,NUEVO LEON,9,24,49,SANTIAGO,2095,2717,314° lugar,MICROSECCION
19,NUEVO LEON,13,21,12,CIENEGA DE FLORES,2846,2716,315° lugar,MICROSECCION
19,NUEVO LEON,13,21,12,CIENEGA DE FLORES,3089,2712,316° lugar,MICROSECCION
19,NUEVO LEON,9,26,4,ALLENDE,28,2711,317° lugar,MICROSECCION
19,NUEVO LEON,1,18,19,SAN PEDRO GARZA GARCIA,416,2710,318° lugar,MICROSECCION
19,NUEVO LEON,12,23,32,JUAREZ,3114,2706,319° lugar,MICROSECCION
19,NUEVO LEON,12,23,32,JUAREZ,2872,2703,320° lugar,MICROSECCION
19,NUEVO LEON,8,14,26,GUADALUPE,3010,2701,321° lugar,MICROSECCION
19,NUEVO LEON,12,23,32,JUAREZ,2337,2698,322° lugar,MICROSECCION
19,NUEVO LEON,6,3,40,MONTERREY,1532,2692,323° lugar,MICROSECCION
19,NUEVO LEON,3,25,21,GRAL. ESCOBEDO,2140,2692,324° lugar,MICROSECCION
19,NUEVO LEON,3,25,21,GRAL. ESCOBEDO,2815,2691,325° lugar,MICROSECCION
19,NUEVO LEON,3,17,21,GRAL. ESCOBEDO,432,2681,326° lugar,MICROSECCION
19,NUEVO LEON,12,22,32,JUAREZ,2403,2680,327° lugar,MICROSECCION
19,NUEVO LEON,8,14,26,GUADALUPE,2964,2672,328° lugar,MICROSECCION
19,NUEVO LEON,5,1,40,MONTERREY,1463,2669,329° lugar,MICROSECCION
19,NUEVO LEON,2,16,6,APODACA,2922,2664,330° lugar,MICROSECCION
19,NUEVO LEON,11,13,26,GUADALUPE,3023,2660,331° lugar,MICROSECCION
19,NUEVO LEON,14,26,9,CADEREYTA JIMENEZ,2905,2657,332° lugar,MICROSECCION
19,NUEVO LEON,6,3,40,MONTERREY,2802,2656,333° lugar,MICROSECCION
19,NUEVO LEON,12,22,32,JUAREZ,847,2652,334° lugar,MICROSECCION
19,NUEVO LEON,8,14,26,GUADALUPE,618,2647,335° lugar,MICROSECCION
19,NUEVO LEON,9,24,49,SANTIAGO,2105,2643,336° lugar,MICROSECCION
19,NUEVO LEON,13,21,12,CIENEGA DE FLORES,3085,2639,337° lugar,MICROSECCION
19,NUEVO LEON,9,26,39,MONTEMORELOS,947,2638,338° lugar,MICROSECCION
19,NUEVO LEON,8,14,26,GUADALUPE,2961,2637,339° lugar,MICROSECCION
19,NUEVO LEON,1,19,48,SANTA CATARINA,2967,2637,340° lugar,MICROSECCION
19,NUEVO LEON,3,17,21,GRAL. ESCOBEDO,3151,2630,341° lugar,MICROSECCION
19,NUEVO LEON,6,3,40,MONTERREY,2997,2629,342° lugar,MICROSECCION
19,NUEVO LEON,7,12,18,GARCIA,3008,2625,343° lugar,MICROSECCION
19,NUEVO LEON,5,2,40,MONTERREY,1520,2624,344° lugar,MICROSECCION
19,NUEVO LEON,8,7,6,APODACA,2234,2623,345° lugar,MICROSECCION
19,NUEVO LEON,4,9,47,SAN NICOLAS DE LOS GARZA,1857,2616,346° lugar,MICROSECCION
19,NUEVO LEON,7,12,18,GARCIA,2825,2616,347° lugar,MICROSECCION
19,NUEVO LEON,12,23,32,JUAREZ,2867,2612,348° lugar,MICROSECCION
19,NUEVO LEON,3,25,21,GRAL. ESCOBEDO,2753,2609,349° lugar,MICROSECCION
19,NUEVO LEON,5,1,40,MONTERREY,2125,2608,350° lugar,MICROSECCION
19,NUEVO LEON,11,13,26,GUADALUPE,3021,2607,351° lugar,MICROSECCION
19,NUEVO LEON,14,11,42,PESQUERIA,2715,2606,352° lugar,MICROSECCION
19,NUEVO LEON,8,13,26,GUADALUPE,708,2605,353° lugar,MICROSECCION
19,NUEVO LEON,10,8,40,MONTERREY,1385,2602,354° lugar,MICROSECCION
19,NUEVO LEON,6,3,40,MONTERREY,1576,2599,355° lugar,MICROSECCION
19,NUEVO LEON,2,16,6,APODACA,86,2597,356° lugar,MICROSECCION
19,NUEVO LEON,13,4,46,SALINAS VICTORIA,2773,2596,357° lugar,MICROSECCION
19,NUEVO LEON,3,25,21,GRAL. ESCOBEDO,2538,2593,358° lugar,MICROSECCION
19,NUEVO LEON,9,24,14,DR. ARROYO,258,2592,359° lugar,MICROSECCION
19,NUEVO LEON,10,8,40,MONTERREY,1418,2589,360° lugar,MICROSECCION
19,NUEVO LEON,3,17,21,GRAL. ESCOBEDO,3051,2587,361° lugar,MICROSECCION
19,NUEVO LEON,1,19,48,SANTA CATARINA,2968,2586,362° lugar,MICROSECCION
19,NUEVO LEON,7,12,18,GARCIA,2303,2583,363° lugar,MICROSECCION
19,NUEVO LEON,2,5,6,APODACA,109,2582,364° lugar,MICROSECCION
19,NUEVO LEON,4,9,47,SAN NICOLAS DE LOS GARZA,1957,2582,365° lugar,MICROSECCION
19,NUEVO LEON,14,11,42,PESQUERIA,2896,2582,366° lugar,MICROSECCION
19,NUEVO LEON,8,14,26,GUADALUPE,617,2580,367° lugar,MICROSECCION
19,NUEVO LEON,11,13,26,GUADALUPE,731,2579,368° lugar,MICROSECCION
19,NUEVO LEON,14,21,25,GRAL. ZUAZUA,2619,2574,369° lugar,MICROSECCION
19,NUEVO LEON,13,21,5,ANAHUAC,42,2573,370° lugar,MICROSECCION
19,NUEVO LEON,14,21,25,GRAL. ZUAZUA,2620,2573,371° lugar,MICROSECCION
19,NUEVO LEON,3,17,21,GRAL. ESCOBEDO,2941,2572,372° lugar,MICROSECCION
19,NUEVO LEON,5,1,40,MONTERREY,2993,2572,373° lugar,MICROSECCION
19,NUEVO LEON,7,12,18,GARCIA,3000,2570,374° lugar,MICROSECCION
19,NUEVO LEON,3,25,21,GRAL. ESCOBEDO,2821,2567,375° lugar,MICROSECCION
19,NUEVO LEON,9,24,24,GRAL. ZARAGOZA,519,2566,376° lugar,MICROSECCION
19,NUEVO LEON,8,14,26,GUADALUPE,2902,2561,377° lugar,MICROSECCION
19,NUEVO LEON,9,26,4,ALLENDE,29,2559,378° lugar,MICROSECCION
19,NUEVO LEON,1,18,19,SAN PEDRO GARZA GARCIA,411,2557,379° lugar,MICROSECCION
19,NUEVO LEON,7,12,18,GARCIA,3005,2555,380° lugar,MICROSECCION
19,NUEVO LEON,13,4,46,SALINAS VICTORIA,2767,2553,381° lugar,MICROSECCION
19,NUEVO LEON,8,15,26,GUADALUPE,2900,2548,382° lugar,MICROSECCION
19,NUEVO LEON,9,24,34,LINARES,869,2544,383° lugar,MICROSECCION
19,NUEVO LEON,3,25,21,GRAL. ESCOBEDO,2754,2542,384° lugar,MICROSECCION
19,NUEVO LEON,2,7,6,APODACA,2925,2538,385° lugar,MICROSECCION
19,NUEVO LEON,7,20,18,GARCIA,2585,2536,386° lugar,MICROSECCION
19,NUEVO LEON,7,20,18,GARCIA,2614,2533,387° lugar,MICROSECCION
19,NUEVO LEON,13,4,10,CARMEN,3067,2530,388° lugar,MICROSECCION
19,NUEVO LEON,2,16,6,APODACA,3131,2529,389° lugar,MICROSECCION
19,NUEVO LEON,7,20,18,GARCIA,3169,2529,390° lugar,MICROSECCION
19,NUEVO LEON,6,3,40,MONTERREY,1489,2528,391° lugar,MICROSECCION
19,NUEVO LEON,7,20,18,GARCIA,2561,2526,392° lugar,MICROSECCION
19,NUEVO LEON,13,21,12,CIENEGA DE FLORES,2852,2517,393° lugar,MICROSECCION
19,NUEVO LEON,8,14,26,GUADALUPE,3009,2515,394° lugar,MICROSECCION
19,NUEVO LEON,5,1,40,MONTERREY,1456,2511,395° lugar,MICROSECCION
19,NUEVO LEON,1,18,19,SAN PEDRO GARZA GARCIA,409,2510,396° lugar,MICROSECCION
19,NUEVO LEON,5,1,40,MONTERREY,2951,2510,397° lugar,MICROSECCION
19,NUEVO LEON,11,13,26,GUADALUPE,750,2503,398° lugar,MICROSECCION
19,NUEVO LEON,2,16,6,APODACA,3045,2503,399° lugar,MICROSECCION
19,NUEVO LEON,5,2,40,MONTERREY,1480,2494,400° lugar,MICROSECCION
19,NUEVO LEON,3,25,21,GRAL. ESCOBEDO,2819,2491,401° lugar,MICROSECCION
19,NUEVO LEON,5,1,40,MONTERREY,3057,2491,402° lugar,MICROSECCION
19,NUEVO LEON,12,22,32,JUAREZ,2877,2489,403° lugar,MICROSECCION
19,NUEVO LEON,4,10,47,SAN NICOLAS DE LOS GARZA,2988,2487,404° lugar,MICROSECCION
19,NUEVO LEON,11,15,26,GUADALUPE,724,2481,405° lugar,MICROSECCION
19,NUEVO LEON,10,8,40,MONTERREY,1413,2472,406° lugar,MICROSECCION
19,NUEVO LEON,13,21,45,SABINAS HIDALGO,1730,2469,407° lugar,MICROSECCION
19,NUEVO LEON,3,25,21,GRAL. ESCOBEDO,2752,2468,408° lugar,MICROSECCION
19,NUEVO LEON,8,14,26,GUADALUPE,2963,2468,409° lugar,MICROSECCION
19,NUEVO LEON,5,1,40,MONTERREY,2996,2465,410° lugar,MICROSECCION
19,NUEVO LEON,8,13,26,GUADALUPE,709,2463,411° lugar,MICROSECCION
19,NUEVO LEON,1,19,48,SANTA CATARINA,2001,2463,412° lugar,MICROSECCION
19,NUEVO LEON,3,25,21,GRAL. ESCOBEDO,2749,2462,413° lugar,MICROSECCION
19,NUEVO LEON,9,24,49,SANTIAGO,2094,2458,414° lugar,MICROSECCION
19,NUEVO LEON,14,26,9,CADEREYTA JIMENEZ,2745,2453,415° lugar,MICROSECCION
19,NUEVO LEON,10,8,40,MONTERREY,1394,2452,416° lugar,MICROSECCION
19,NUEVO LEON,14,26,9,CADEREYTA JIMENEZ,189,2449,417° lugar,MICROSECCION
19,NUEVO LEON,8,7,6,APODACA,2929,2448,418° lugar,MICROSECCION
19,NUEVO LEON,13,4,46,SALINAS VICTORIA,2774,2437,419° lugar,MICROSECCION
19,NUEVO LEON,10,8,40,MONTERREY,1376,2436,420° lugar,MICROSECCION
19,NUEVO LEON,3,17,21,GRAL. ESCOBEDO,438,2434,421° lugar,MICROSECCION
19,NUEVO LEON,6,2,40,MONTERREY,1561,2432,422° lugar,MICROSECCION
19,NUEVO LEON,7,12,18,GARCIA,3002,2432,423° lugar,MICROSECCION
19,NUEVO LEON,3,25,21,GRAL. ESCOBEDO,457,2431,424° lugar,MICROSECCION
19,NUEVO LEON,11,13,26,GUADALUPE,735,2423,425° lugar,MICROSECCION
19,NUEVO LEON,11,15,26,GUADALUPE,763,2418,426° lugar,MICROSECCION
19,NUEVO LEON,4,10,47,SAN NICOLAS DE LOS GARZA,1761,2416,427° lugar,MICROSECCION
19,NUEVO LEON,3,17,21,GRAL. ESCOBEDO,3161,2416,428° lugar,MICROSECCION
19,NUEVO LEON,8,7,6,APODACA,2273,2415,429° lugar,MICROSECCION
19,NUEVO LEON,3,25,21,GRAL. ESCOBEDO,2750,2415,430° lugar,MICROSECCION
19,NUEVO LEON,5,1,40,MONTERREY,1462,2414,431° lugar,MICROSECCION
19,NUEVO LEON,1,18,48,SANTA CATARINA,2011,2409,432° lugar,MICROSECCION
19,NUEVO LEON,2,5,6,APODACA,2975,2409,433° lugar,MICROSECCION
19,NUEVO LEON,13,21,45,SABINAS HIDALGO,1734,2407,434° lugar,MICROSECCION
19,NUEVO LEON,13,4,10,CARMEN,3065,2393,435° lugar,MICROSECCION
19,NUEVO LEON,13,4,46,SALINAS VICTORIA,1754,2392,436° lugar,MICROSECCION
19,NUEVO LEON,12,22,32,JUAREZ,3231,2392,437° lugar,MICROSECCION
19,NUEVO LEON,11,13,26,GUADALUPE,3215,2384,438° lugar,MICROSECCION
19,NUEVO LEON,13,4,10,CARMEN,3063,2383,439° lugar,MICROSECCION
19,NUEVO LEON,12,23,32,JUAREZ,3111,2378,440° lugar,MICROSECCION
19,NUEVO LEON,4,10,47,SAN NICOLAS DE LOS GARZA,1844,2369,441° lugar,MICROSECCION
19,NUEVO LEON,7,12,18,GARCIA,350,2366,442° lugar,MICROSECCION
19,NUEVO LEON,14,26,9,CADEREYTA JIMENEZ,2743,2365,443° lugar,MICROSECCION
19,NUEVO LEON,3,17,21,GRAL. ESCOBEDO,2764,2362,444° lugar,MICROSECCION
19,NUEVO LEON,7,20,18,GARCIA,2591,2359,445° lugar,MICROSECCION
19,NUEVO LEON,5,1,40,MONTERREY,2127,2358,446° lugar,MICROSECCION
19,NUEVO LEON,1,19,48,SANTA CATARINA,2068,2353,447° lugar,MICROSECCION
19,NUEVO LEON,14,26,9,CADEREYTA JIMENEZ,2731,2351,448° lugar,MICROSECCION
19,NUEVO LEON,2,16,6,APODACA,3048,2350,449° lugar,MICROSECCION
19,NUEVO LEON,13,21,12,CIENEGA DE FLORES,2854,2348,450° lugar,MICROSECCION
19,NUEVO LEON,13,21,45,SABINAS HIDALGO,1739,2344,451° lugar,MICROSECCION
19,NUEVO LEON,2,16,6,APODACA,100,2343,452° lugar,MICROSECCION
19,NUEVO LEON,5,1,40,MONTERREY,1454,2343,453° lugar,MICROSECCION
19,NUEVO LEON,3,25,21,GRAL. ESCOBEDO,2816,2340,454° lugar,MICROSECCION
19,NUEVO LEON,7,12,18,GARCIA,3003,2333,455° lugar,MICROSECCION
19,NUEVO LEON,11,13,26,GUADALUPE,3220,2333,456° lugar,MICROSECCION
19,NUEVO LEON,2,7,6,APODACA,121,2332,457° lugar,MICROSECCION
19,NUEVO LEON,13,21,12,CIENEGA DE FLORES,2860,2329,458° lugar,MICROSECCION
19,NUEVO LEON,11,13,26,GUADALUPE,3219,2328,459° lugar,MICROSECCION
19,NUEVO LEON,5,2,40,MONTERREY,1518,2327,460° lugar,MICROSECCION
19,NUEVO LEON,11,13,26,GUADALUPE,790,2326,461° lugar,MICROSECCION
19,NUEVO LEON,6,3,40,MONTERREY,1098,2324,462° lugar,MICROSECCION
19,NUEVO LEON,3,17,21,GRAL. ESCOBEDO,2938,2324,463° lugar,MICROSECCION
19,NUEVO LEON,11,15,26,GUADALUPE,598,2323,464° lugar,MICROSECCION
19,NUEVO LEON,7,12,18,GARCIA,3006,2322,465° lugar,MICROSECCION
19,NUEVO LEON,9,24,49,SANTIAGO,2103,2321,466° lugar,MICROSECCION
19,NUEVO LEON,8,14,26,GUADALUPE,676,2320,467° lugar,MICROSECCION
19,NUEVO LEON,12,22,32,JUAREZ,3229,2312,468° lugar,MICROSECCION
19,NUEVO LEON,11,15,26,GUADALUPE,596,2310,469° lugar,MICROSECCION
19,NUEVO LEON,5,1,40,MONTERREY,1443,2308,470° lugar,MICROSECCION
19,NUEVO LEON,8,14,26,GUADALUPE,2899,2300,471° lugar,MICROSECCION
19,NUEVO LEON,9,24,14,DR. ARROYO,263,2298,472° lugar,MICROSECCION
19,NUEVO LEON,3,25,21,GRAL. ESCOBEDO,2755,2298,473° lugar,MICROSECCION
19,NUEVO LEON,7,20,18,GARCIA,2832,2295,474° lugar,MICROSECCION
19,NUEVO LEON,1,18,19,SAN PEDRO GARZA GARCIA,360,2294,475° lugar,MICROSECCION
19,NUEVO LEON,8,7,6,APODACA,2930,2288,476° lugar,MICROSECCION
19,NUEVO LEON,8,14,26,GUADALUPE,704,2286,477° lugar,MICROSECCION
19,NUEVO LEON,5,1,40,MONTERREY,2950,2284,478° lugar,MICROSECCION
19,NUEVO LEON,1,19,48,SANTA CATARINA,2050,2279,479° lugar,MICROSECCION
19,NUEVO LEON,8,7,6,APODACA,146,2276,480° lugar,MICROSECCION
19,NUEVO LEON,13,4,10,CARMEN,3064,2275,481° lugar,MICROSECCION
19,NUEVO LEON,5,2,40,MONTERREY,1551,2274,482° lugar,MICROSECCION
19,NUEVO LEON,12,23,32,JUAREZ,2878,2274,483° lugar,MICROSECCION
19,NUEVO LEON,3,17,21,GRAL. ESCOBEDO,3148,2272,484° lugar,MICROSECCION
19,NUEVO LEON,4,10,47,SAN NICOLAS DE LOS GARZA,1788,2268,485° lugar,MICROSECCION
19,NUEVO LEON,12,22,32,JUAREZ,2362,2268,486° lugar,MICROSECCION
19,NUEVO LEON,4,9,47,SAN NICOLAS DE LOS GARZA,1966,2261,487° lugar,MICROSECCION
19,NUEVO LEON,5,1,40,MONTERREY,1435,2255,488° lugar,MICROSECCION
19,NUEVO LEON,4,10,47,SAN NICOLAS DE LOS GARZA,1777,2255,489° lugar,MICROSECCION
19,NUEVO LEON,5,2,40,MONTERREY,1470,2254,490° lugar,MICROSECCION
19,NUEVO LEON,7,12,18,GARCIA,2276,2254,491° lugar,MICROSECCION
19,NUEVO LEON,3,25,21,GRAL. ESCOBEDO,2944,2253,492° lugar,MICROSECCION
19,NUEVO LEON,7,20,18,GARCIA,2550,2242,493° lugar,MICROSECCION
19,NUEVO LEON,9,24,14,DR. ARROYO,262,2235,494° lugar,MICROSECCION
19,NUEVO LEON,9,26,4,ALLENDE,32,2232,495° lugar,MICROSECCION
19,NUEVO LEON,3,25,21,GRAL. ESCOBEDO,2811,2230,496° lugar,MICROSECCION
19,NUEVO LEON,3,25,21,GRAL. ESCOBEDO,2937,2228,497° lugar,MICROSECCION
19,NUEVO LEON,10,8,40,MONTERREY,1431,2227,498° lugar,MICROSECCION
19,NUEVO LEON,3,17,21,GRAL. ESCOBEDO,2986,2227,499° lugar,MICROSECCION
19,NUEVO LEON,8,14,26,GUADALUPE,621,2218,500° lugar,MICROSECCION
19,NUEVO LEON,1,18,48,SANTA CATARINA,2014,2218,501° lugar,MICROSECCION
19,NUEVO LEON,8,7,6,APODACA,2928,2213,502° lugar,MICROSECCION
19,NUEVO LEON,1,18,19,SAN PEDRO GARZA GARCIA,371,2212,503° lugar,MICROSECCION
19,NUEVO LEON,4,9,47,SAN NICOLAS DE LOS GARZA,1891,2212,504° lugar,MICROSECCION
19,NUEVO LEON,11,13,26,GUADALUPE,740,2211,505° lugar,MICROSECCION
19,NUEVO LEON,2,5,6,APODACA,2197,2208,506° lugar,MICROSECCION
19,NUEVO LEON,7,12,18,GARCIA,3100,2205,507° lugar,MICROSECCION
19,NUEVO LEON,5,1,40,MONTERREY,1473,2203,508° lugar,MICROSECCION
19,NUEVO LEON,11,13,26,GUADALUPE,795,2202,509° lugar,MICROSECCION
19,NUEVO LEON,2,5,6,APODACA,3144,2199,510° lugar,MICROSECCION
19,NUEVO LEON,10,8,40,MONTERREY,1404,2198,511° lugar,MICROSECCION
19,NUEVO LEON,7,20,18,GARCIA,2592,2194,512° lugar,MICROSECCION
19,NUEVO LEON,5,2,40,MONTERREY,1548,2192,513° lugar,MICROSECCION
19,NUEVO LEON,7,12,18,GARCIA,2302,2188,514° lugar,MICROSECCION
19,NUEVO LEON,2,16,6,APODACA,2918,2187,515° lugar,MICROSECCION
19,NUEVO LEON,1,19,48,SANTA CATARINA,2046,2182,516° lugar,MICROSECCION
19,NUEVO LEON,1,18,19,SAN PEDRO GARZA GARCIA,366,2180,517° lugar,MICROSECCION
19,NUEVO LEON,2,7,6,APODACA,120,2177,518° lugar,MICROSECCION
19,NUEVO LEON,12,23,32,JUAREZ,838,2175,519° lugar,MICROSECCION
19,NUEVO LEON,5,1,40,MONTERREY,2994,2175,520° lugar,MICROSECCION
19,NUEVO LEON,7,20,18,GARCIA,2833,2170,521° lugar,MICROSECCION
19,NUEVO LEON,11,13,26,GUADALUPE,755,2169,522° lugar,MICROSECCION
19,NUEVO LEON,5,1,40,MONTERREY,2995,2169,523° lugar,MICROSECCION
19,NUEVO LEON,5,1,40,MONTERREY,1461,2164,524° lugar,MICROSECCION
19,NUEVO LEON,4,10,47,SAN NICOLAS DE LOS GARZA,1776,2164,525° lugar,MICROSECCION
19,NUEVO LEON,2,7,6,APODACA,125,2162,526° lugar,MICROSECCION
19,NUEVO LEON,8,7,6,APODACA,3204,2162,527° lugar,MICROSECCION
19,NUEVO LEON,11,13,26,GUADALUPE,741,2161,528° lugar,MICROSECCION
19,NUEVO LEON,14,11,42,PESQUERIA,2887,2161,529° lugar,MICROSECCION
19,NUEVO LEON,9,24,17,GALEANA,343,2159,530° lugar,MICROSECCION
19,NUEVO LEON,4,9,47,SAN NICOLAS DE LOS GARZA,1983,2158,531° lugar,MICROSECCION
19,NUEVO LEON,11,13,26,GUADALUPE,751,2154,532° lugar,MICROSECCION
19,NUEVO LEON,5,2,40,MONTERREY,1552,2154,533° lugar,MICROSECCION
19,NUEVO LEON,14,11,42,PESQUERIA,3270,2154,534° lugar,MICROSECCION
19,NUEVO LEON,11,15,26,GUADALUPE,597,2153,535° lugar,MICROSECCION
19,NUEVO LEON,12,23,32,JUAREZ,2671,2151,536° lugar,MICROSECCION
19,NUEVO LEON,9,24,34,LINARES,887,2149,537° lugar,MICROSECCION
19,NUEVO LEON,10,8,40,MONTERREY,1423,2148,538° lugar,MICROSECCION
19,NUEVO LEON,5,1,40,MONTERREY,1440,2147,539° lugar,MICROSECCION
19,NUEVO LEON,10,8,40,MONTERREY,3016,2146,540° lugar,MICROSECCION
19,NUEVO LEON,5,1,40,MONTERREY,1442,2144,541° lugar,MICROSECCION
19,NUEVO LEON,13,21,45,SABINAS HIDALGO,1732,2144,542° lugar,MICROSECCION
19,NUEVO LEON,2,16,6,APODACA,2920,2144,543° lugar,MICROSECCION
19,NUEVO LEON,8,7,6,APODACA,2931,2141,544° lugar,MICROSECCION
19,NUEVO LEON,12,23,32,JUAREZ,2864,2139,545° lugar,MICROSECCION
19,NUEVO LEON,10,8,40,MONTERREY,1375,2137,546° lugar,MICROSECCION
19,NUEVO LEON,7,20,18,GARCIA,2843,2137,547° lugar,MICROSECCION
19,NUEVO LEON,3,17,21,GRAL. ESCOBEDO,2935,2137,548° lugar,MICROSECCION
19,NUEVO LEON,1,19,48,SANTA CATARINA,2914,2136,549° lugar,MICROSECCION
19,NUEVO LEON,5,1,40,MONTERREY,2991,2136,550° lugar,MICROSECCION
19,NUEVO LEON,10,8,40,MONTERREY,1384,2133,551° lugar,MICROSECCION
19,NUEVO LEON,8,14,26,GUADALUPE,702,2131,552° lugar,MICROSECCION
19,NUEVO LEON,13,4,46,SALINAS VICTORIA,2776,2127,553° lugar,MICROSECCION
19,NUEVO LEON,5,2,40,MONTERREY,1522,2125,554° lugar,MICROSECCION
19,NUEVO LEON,5,1,40,MONTERREY,1444,2124,555° lugar,MICROSECCION
19,NUEVO LEON,8,7,6,APODACA,2213,2124,556° lugar,MICROSECCION
19,NUEVO LEON,8,7,6,APODACA,2200,2119,557° lugar,MICROSECCION
19,NUEVO LEON,10,8,40,MONTERREY,1382,2118,558° lugar,MICROSECCION
19,NUEVO LEON,1,18,19,SAN PEDRO GARZA GARCIA,370,2115,559° lugar,MICROSECCION
19,NUEVO LEON,8,14,26,GUADALUPE,705,2114,560° lugar,MICROSECCION
19,NUEVO LEON,4,9,47,SAN NICOLAS DE LOS GARZA,1902,2114,561° lugar,MICROSECCION
19,NUEVO LEON,7,12,18,GARCIA,3091,2110,562° lugar,MICROSECCION
19,NUEVO LEON,4,9,47,SAN NICOLAS DE LOS GARZA,1911,2108,563° lugar,MICROSECCION
19,NUEVO LEON,11,13,26,GUADALUPE,732,2107,564° lugar,MICROSECCION
19,NUEVO LEON,11,13,26,GUADALUPE,767,2107,565° lugar,MICROSECCION
19,NUEVO LEON,1,18,48,SANTA CATARINA,2010,2105,566° lugar,MICROSECCION
19,NUEVO LEON,12,23,32,JUAREZ,2869,2101,567° lugar,MICROSECCION
19,NUEVO LEON,14,26,9,CADEREYTA JIMENEZ,182,2098,568° lugar,MICROSECCION
19,NUEVO LEON,6,3,40,MONTERREY,1599,2097,569° lugar,MICROSECCION
19,NUEVO LEON,8,7,6,APODACA,3202,2097,570° lugar,MICROSECCION
19,NUEVO LEON,5,1,40,MONTERREY,1441,2095,571° lugar,MICROSECCION
19,NUEVO LEON,3,17,21,GRAL. ESCOBEDO,434,2093,572° lugar,MICROSECCION
19,NUEVO LEON,12,22,32,JUAREZ,3233,2093,573° lugar,MICROSECCION
19,NUEVO LEON,5,2,40,MONTERREY,1591,2092,574° lugar,MICROSECCION
19,NUEVO LEON,10,8,40,MONTERREY,3017,2092,575° lugar,MICROSECCION
19,NUEVO LEON,5,1,40,MONTERREY,1484,2091,576° lugar,MICROSECCION
19,NUEVO LEON,8,14,26,GUADALUPE,3206,2091,577° lugar,MICROSECCION
19,NUEVO LEON,12,22,32,JUAREZ,3246,2090,578° lugar,MICROSECCION
19,NUEVO LEON,14,26,9,CADEREYTA JIMENEZ,176,2088,579° lugar,MICROSECCION
19,NUEVO LEON,1,18,48,SANTA CATARINA,2058,2088,580° lugar,MICROSECCION
19,NUEVO LEON,9,24,34,LINARES,881,2087,581° lugar,MICROSECCION
19,NUEVO LEON,3,17,21,GRAL. ESCOBEDO,3155,2085,582° lugar,MICROSECCION
19,NUEVO LEON,14,21,25,GRAL. ZUAZUA,3256,2083,583° lugar,MICROSECCION
19,NUEVO LEON,10,8,40,MONTERREY,1356,2081,584° lugar,MICROSECCION
19,NUEVO LEON,2,5,6,APODACA,2974,2081,585° lugar,MICROSECCION
19,NUEVO LEON,11,13,26,GUADALUPE,801,2079,586° lugar,MICROSECCION
19,NUEVO LEON,2,5,6,APODACA,3147,2078,587° lugar,MICROSECCION
19,NUEVO LEON,12,23,32,JUAREZ,2865,2076,588° lugar,MICROSECCION
19,NUEVO LEON,1,18,19,SAN PEDRO GARZA GARCIA,361,2071,589° lugar,MICROSECCION
19,NUEVO LEON,8,14,26,GUADALUPE,693,2071,590° lugar,MICROSECCION
19,NUEVO LEON,5,2,40,MONTERREY,1519,2070,591° lugar,MICROSECCION
19,NUEVO LEON,3,17,21,GRAL. ESCOBEDO,3152,2069,592° lugar,MICROSECCION
19,NUEVO LEON,5,1,40,MONTERREY,1483,2068,593° lugar,MICROSECCION
19,NUEVO LEON,6,6,40,MONTERREY,1124,2065,594° lugar,MICROSECCION
19,NUEVO LEON,10,8,40,MONTERREY,1427,2065,595° lugar,MICROSECCION
19,NUEVO LEON,5,1,40,MONTERREY,1452,2065,596° lugar,MICROSECCION
19,NUEVO LEON,6,3,40,MONTERREY,1533,2063,597° lugar,MICROSECCION
19,NUEVO LEON,6,3,40,MONTERREY,1578,2063,598° lugar,MICROSECCION
19,NUEVO LEON,7,12,18,GARCIA,2287,2063,599° lugar,MICROSECCION
19,NUEVO LEON,3,17,21,GRAL. ESCOBEDO,473,2062,600° lugar,MICROSECCION
19,NUEVO LEON,6,6,40,MONTERREY,1065,2059,601° lugar,MICROSECCION
19,NUEVO LEON,1,19,48,SANTA CATARINA,2051,2059,602° lugar,MICROSECCION
19,NUEVO LEON,14,21,25,GRAL. ZUAZUA,3255,2057,603° lugar,MICROSECCION
19,NUEVO LEON,1,18,19,SAN PEDRO GARZA GARCIA,391,2056,604° lugar,MICROSECCION
19,NUEVO LEON,9,24,49,SANTIAGO,2089,2056,605° lugar,MICROSECCION
19,NUEVO LEON,6,2,40,MONTERREY,1505,2055,606° lugar,MICROSECCION
19,NUEVO LEON,5,2,40,MONTERREY,1553,2053,607° lugar,MICROSECCION
19,NUEVO LEON,1,18,48,SANTA CATARINA,2015,2053,608° lugar,MICROSECCION
19,NUEVO LEON,11,13,26,GUADALUPE,753,2050,609° lugar,MICROSECCION
19,NUEVO LEON,11,13,26,GUADALUPE,3024,2050,610° lugar,MICROSECCION
19,NUEVO LEON,6,2,40,MONTERREY,1587,2049,611° lugar,MICROSECCION
19,NUEVO LEON,8,7,6,APODACA,2207,2049,612° lugar,MICROSECCION
19,NUEVO LEON,8,14,26,GUADALUPE,2700,2048,613° lugar,MICROSECCION
19,NUEVO LEON,2,5,6,APODACA,116,2047,614° lugar,MICROSECCION
19,NUEVO LEON,5,2,40,MONTERREY,1499,2047,615° lugar,MICROSECCION
19,NUEVO LEON,12,22,32,JUAREZ,2879,2046,616° lugar,MICROSECCION
19,NUEVO LEON,7,12,18,GARCIA,3092,2044,617° lugar,MICROSECCION
19,NUEVO LEON,14,11,42,PESQUERIA,2714,2043,618° lugar,MICROSECCION
19,NUEVO LEON,6,3,40,MONTERREY,2998,2043,619° lugar,MICROSECCION
19,NUEVO LEON,8,14,26,GUADALUPE,3210,2042,620° lugar,MICROSECCION
19,NUEVO LEON,5,1,40,MONTERREY,1451,2041,621° lugar,MICROSECCION
19,NUEVO LEON,5,1,40,MONTERREY,1458,2040,622° lugar,MICROSECCION
19,NUEVO LEON,13,21,12,CIENEGA DE FLORES,3084,2035,623° lugar,MICROSECCION
19,NUEVO LEON,11,13,26,GUADALUPE,786,2034,624° lugar,MICROSECCION
19,NUEVO LEON,10,8,40,MONTERREY,1332,2034,625° lugar,MICROSECCION
19,NUEVO LEON,9,11,22,GRAL. TERAN,495,2032,626° lugar,MICROSECCION
19,NUEVO LEON,13,4,28,HIDALGO,811,2032,627° lugar,MICROSECCION
19,NUEVO LEON,9,24,34,LINARES,886,2031,628° lugar,MICROSECCION
19,NUEVO LEON,10,6,40,MONTERREY,1247,2031,629° lugar,MICROSECCION
19,NUEVO LEON,13,21,12,CIENEGA DE FLORES,2861,2030,630° lugar,MICROSECCION
19,NUEVO LEON,8,14,26,GUADALUPE,606,2024,631° lugar,MICROSECCION
19,NUEVO LEON,10,8,40,MONTERREY,1393,2023,632° lugar,MICROSECCION
19,NUEVO LEON,12,23,32,JUAREZ,2681,2021,633° lugar,MICROSECCION
19,NUEVO LEON,3,17,21,GRAL. ESCOBEDO,3159,2021,634° lugar,MICROSECCION
19,NUEVO LEON,1,18,19,SAN PEDRO GARZA GARCIA,373,2020,635° lugar,MICROSECCION
19,NUEVO LEON,11,15,26,GUADALUPE,624,2020,636° lugar,MICROSECCION
19,NUEVO LEON,10,8,40,MONTERREY,1355,2020,637° lugar,MICROSECCION
19,NUEVO LEON,11,13,26,GUADALUPE,3022,2019,638° lugar,MICROSECCION
19,NUEVO LEON,2,16,6,APODACA,79,2018,639° lugar,MICROSECCION
19,NUEVO LEON,10,8,40,MONTERREY,1414,2018,640° lugar,MICROSECCION
19,NUEVO LEON,1,19,48,SANTA CATARINA,2912,2017,641° lugar,MICROSECCION
19,NUEVO LEON,12,22,32,JUAREZ,2361,2016,642° lugar,MICROSECCION
19,NUEVO LEON,10,8,40,MONTERREY,1358,2015,643° lugar,MICROSECCION
19,NUEVO LEON,3,17,21,GRAL. ESCOBEDO,3154,2015,644° lugar,MICROSECCION
19,NUEVO LEON,1,18,48,SANTA CATARINA,3122,2014,645° lugar,MICROSECCION
19,NUEVO LEON,10,8,40,MONTERREY,3018,2012,646° lugar,MICROSECCION
19,NUEVO LEON,7,20,18,GARCIA,3176,2012,647° lugar,MICROSECCION
19,NUEVO LEON,8,7,6,APODACA,2216,2011,648° lugar,MICROSECCION
19,NUEVO LEON,13,21,45,SABINAS HIDALGO,1743,2010,649° lugar,MICROSECCION
19,NUEVO LEON,1,18,19,SAN PEDRO GARZA GARCIA,387,2009,650° lugar,MICROSECCION
19,NUEVO LEON,3,17,21,GRAL. ESCOBEDO,445,2009,651° lugar,MICROSECCION
19,NUEVO LEON,5,1,40,MONTERREY,1446,2009,652° lugar,MICROSECCION
19,NUEVO LEON,12,23,32,JUAREZ,3223,2008,653° lugar,MICROSECCION
19,NUEVO LEON,5,1,40,MONTERREY,1436,2004,654° lugar,MICROSECCION
19,NUEVO LEON,4,9,47,SAN NICOLAS DE LOS GARZA,1893,2004,655° lugar,MICROSECCION
19,NUEVO LEON,8,14,26,GUADALUPE,2962,2003,656° lugar,MICROSECCION
19,NUEVO LEON,5,2,40,MONTERREY,1498,2000,657° lugar,MICROSECCION
19,NUEVO LEON,5,1,40,MONTERREY,1486,1999,658° lugar,MICROSECCION
19,NUEVO LEON,3,17,21,GRAL. ESCOBEDO,431,1997,659° lugar,MICROSECCION
19,NUEVO LEON,5,1,40,MONTERREY,1438,1997,660° lugar,MICROSECCION
19,NUEVO LEON,13,4,28,HIDALGO,819,1996,661° lugar,MICROSECCION
19,NUEVO LEON,11,15,26,GUADALUPE,667,1991,662° lugar,MICROSECCION
19,NUEVO LEON,6,3,40,MONTERREY,1535,1991,663° lugar,MICROSECCION
19,NUEVO LEON,11,13,26,GUADALUPE,734,1990,664° lugar,MICROSECCION
19,NUEVO LEON,11,13,26,GUADALUPE,798,1989,665° lugar,MICROSECCION
19,NUEVO LEON,10,8,40,MONTERREY,1417,1988,666° lugar,MICROSECCION
19,NUEVO LEON,5,1,40,MONTERREY,1469,1988,667° lugar,MICROSECCION
19,NUEVO LEON,5,2,40,MONTERREY,1590,1987,668° lugar,MICROSECCION
19,NUEVO LEON,12,22,32,JUAREZ,2373,1986,669° lugar,MICROSECCION
19,NUEVO LEON,9,26,4,ALLENDE,30,1985,670° lugar,MICROSECCION
19,NUEVO LEON,10,8,40,MONTERREY,1403,1985,671° lugar,MICROSECCION
19,NUEVO LEON,11,15,26,GUADALUPE,638,1983,672° lugar,MICROSECCION
19,NUEVO LEON,4,10,47,SAN NICOLAS DE LOS GARZA,1768,1983,673° lugar,MICROSECCION
19,NUEVO LEON,12,22,32,JUAREZ,2393,1983,674° lugar,MICROSECCION
19,NUEVO LEON,13,21,33,LAMPAZOS DE NARANJO,856,1980,675° lugar,MICROSECCION
19,NUEVO LEON,5,1,40,MONTERREY,1434,1980,676° lugar,MICROSECCION
19,NUEVO LEON,1,18,48,SANTA CATARINA,2007,1979,677° lugar,MICROSECCION
19,NUEVO LEON,12,23,32,JUAREZ,2875,1979,678° lugar,MICROSECCION
19,NUEVO LEON,7,12,18,GARCIA,3096,1979,679° lugar,MICROSECCION
19,NUEVO LEON,5,2,40,MONTERREY,1618,1978,680° lugar,MICROSECCION
19,NUEVO LEON,2,5,6,APODACA,2474,1977,681° lugar,MICROSECCION
19,NUEVO LEON,14,11,42,PESQUERIA,2894,1977,682° lugar,MICROSECCION
19,NUEVO LEON,8,14,26,GUADALUPE,679,1976,683° lugar,MICROSECCION
19,NUEVO LEON,1,19,48,SANTA CATARINA,2966,1976,684° lugar,MICROSECCION
19,NUEVO LEON,3,17,21,GRAL. ESCOBEDO,3160,1976,685° lugar,MICROSECCION
19,NUEVO LEON,2,16,6,APODACA,85,1975,686° lugar,MICROSECCION
19,NUEVO LEON,4,10,47,SAN NICOLAS DE LOS GARZA,2989,1975,687° lugar,MICROSECCION
19,NUEVO LEON,4,9,47,SAN NICOLAS DE LOS GARZA,1907,1974,688° lugar,MICROSECCION
19,NUEVO LEON,3,17,21,GRAL. ESCOBEDO,2984,1973,689° lugar,MICROSECCION
19,NUEVO LEON,7,12,18,GARCIA,3095,1971,690° lugar,MICROSECCION
19,NUEVO LEON,2,5,6,APODACA,2972,1970,691° lugar,MICROSECCION
19,NUEVO LEON,7,12,18,GARCIA,3103,1970,692° lugar,MICROSECCION
19,NUEVO LEON,6,3,40,MONTERREY,1603,1968,693° lugar,MICROSECCION
19,NUEVO LEON,1,19,48,SANTA CATARINA,2077,1968,694° lugar,MICROSECCION
19,NUEVO LEON,1,18,48,SANTA CATARINA,3125,1967,695° lugar,MICROSECCION
19,NUEVO LEON,9,24,7,ARAMBERRI,151,1966,696° lugar,MICROSECCION
19,NUEVO LEON,1,18,19,SAN PEDRO GARZA GARCIA,380,1966,697° lugar,MICROSECCION
19,NUEVO LEON,5,1,40,MONTERREY,1450,1966,698° lugar,MICROSECCION
19,NUEVO LEON,2,5,6,APODACA,3142,1966,699° lugar,MICROSECCION
19,NUEVO LEON,12,22,32,JUAREZ,2363,1963,700° lugar,MICROSECCION
19,NUEVO LEON,7,20,18,GARCIA,3192,1960,701° lugar,MICROSECCION
19,NUEVO LEON,11,13,26,GUADALUPE,3213,1960,702° lugar,MICROSECCION
19,NUEVO LEON,5,2,40,MONTERREY,1479,1959,703° lugar,MICROSECCION
19,NUEVO LEON,5,2,40,MONTERREY,1495,1957,704° lugar,MICROSECCION
19,NUEVO LEON,10,8,40,MONTERREY,1359,1956,705° lugar,MICROSECCION
19,NUEVO LEON,8,7,6,APODACA,3200,1956,706° lugar,MICROSECCION
19,NUEVO LEON,6,3,40,MONTERREY,1601,1955,707° lugar,MICROSECCION
19,NUEVO LEON,8,7,6,APODACA,3203,1955,708° lugar,MICROSECCION
19,NUEVO LEON,2,16,6,APODACA,3047,1952,709° lugar,MICROSECCION
19,NUEVO LEON,13,4,28,HIDALGO,817,1950,710° lugar,MICROSECCION
19,NUEVO LEON,7,12,18,GARCIA,2278,1950,711° lugar,MICROSECCION
19,NUEVO LEON,11,15,26,GUADALUPE,627,1949,712° lugar,MICROSECCION
19,NUEVO LEON,10,8,40,MONTERREY,1383,1949,713° lugar,MICROSECCION
19,NUEVO LEON,1,19,48,SANTA CATARINA,3116,1948,714° lugar,MICROSECCION
19,NUEVO LEON,11,15,26,GUADALUPE,783,1946,715° lugar,MICROSECCION
19,NUEVO LEON,8,14,26,GUADALUPE,650,1945,716° lugar,MICROSECCION
19,NUEVO LEON,10,8,40,MONTERREY,1399,1945,717° lugar,MICROSECCION
19,NUEVO LEON,13,21,45,SABINAS HIDALGO,1737,1945,718° lugar,MICROSECCION
19,NUEVO LEON,2,16,6,APODACA,3044,1945,719° lugar,MICROSECCION
19,NUEVO LEON,3,17,21,GRAL. ESCOBEDO,466,1944,720° lugar,MICROSECCION
19,NUEVO LEON,1,19,48,SANTA CATARINA,3120,1943,721° lugar,MICROSECCION
19,NUEVO LEON,5,1,40,MONTERREY,1467,1942,722° lugar,MICROSECCION
19,NUEVO LEON,10,8,40,MONTERREY,1388,1939,723° lugar,MICROSECCION
19,NUEVO LEON,3,25,21,GRAL. ESCOBEDO,2814,1939,724° lugar,MICROSECCION
19,NUEVO LEON,5,1,40,MONTERREY,1468,1935,725° lugar,MICROSECCION
19,NUEVO LEON,11,13,26,GUADALUPE,3218,1935,726° lugar,MICROSECCION
19,NUEVO LEON,10,8,40,MONTERREY,1401,1933,727° lugar,MICROSECCION
19,NUEVO LEON,10,8,40,MONTERREY,1420,1933,728° lugar,MICROSECCION
19,NUEVO LEON,2,5,6,APODACA,133,1932,729° lugar,MICROSECCION
19,NUEVO LEON,12,23,32,JUAREZ,837,1932,730° lugar,MICROSECCION
19,NUEVO LEON,11,14,26,GUADALUPE,696,1928,731° lugar,MICROSECCION
19,NUEVO LEON,6,3,40,MONTERREY,1045,1928,732° lugar,MICROSECCION
19,NUEVO LEON,9,26,39,MONTEMORELOS,946,1927,733° lugar,MICROSECCION
19,NUEVO LEON,9,24,49,SANTIAGO,2088,1926,734° lugar,MICROSECCION
19,NUEVO LEON,4,10,47,SAN NICOLAS DE LOS GARZA,1786,1925,735° lugar,MICROSECCION
19,NUEVO LEON,11,13,26,GUADALUPE,792,1924,736° lugar,MICROSECCION
19,NUEVO LEON,10,8,40,MONTERREY,1360,1924,737° lugar,MICROSECCION
19,NUEVO LEON,8,14,26,GUADALUPE,3209,1923,738° lugar,MICROSECCION
19,NUEVO LEON,2,7,6,APODACA,117,1921,739° lugar,MICROSECCION
19,NUEVO LEON,6,3,40,MONTERREY,1097,1921,740° lugar,MICROSECCION
19,NUEVO LEON,4,9,47,SAN NICOLAS DE LOS GARZA,1958,1921,741° lugar,MICROSECCION
19,NUEVO LEON,4,9,47,SAN NICOLAS DE LOS GARZA,1959,1921,742° lugar,MICROSECCION
19,NUEVO LEON,7,20,18,GARCIA,2575,1921,743° lugar,MICROSECCION
19,NUEVO LEON,14,21,25,GRAL. ZUAZUA,3254,1919,744° lugar,MICROSECCION
19,NUEVO LEON,13,4,46,SALINAS VICTORIA,2771,1918,745° lugar,MICROSECCION
19,NUEVO LEON,4,10,47,SAN NICOLAS DE LOS GARZA,1876,1917,746° lugar,MICROSECCION
19,NUEVO LEON,3,17,21,GRAL. ESCOBEDO,2982,1917,747° lugar,MICROSECCION
19,NUEVO LEON,14,26,9,CADEREYTA JIMENEZ,175,1915,748° lugar,MICROSECCION
19,NUEVO LEON,1,18,19,SAN PEDRO GARZA GARCIA,374,1913,749° lugar,MICROSECCION
19,NUEVO LEON,7,12,18,GARCIA,3101,1912,750° lugar,MICROSECCION
19,NUEVO LEON,7,20,18,GARCIA,2835,1910,751° lugar,MICROSECCION
19,NUEVO LEON,11,15,26,GUADALUPE,784,1909,752° lugar,MICROSECCION
19,NUEVO LEON,2,16,6,APODACA,2921,1909,753° lugar,MICROSECCION
19,NUEVO LEON,1,19,48,SANTA CATARINA,3121,1906,754° lugar,MICROSECCION
19,NUEVO LEON,1,18,48,SANTA CATARINA,3124,1902,755° lugar,MICROSECCION
19,NUEVO LEON,4,10,47,SAN NICOLAS DE LOS GARZA,1794,1901,756° lugar,MICROSECCION
19,NUEVO LEON,12,22,32,JUAREZ,2360,1899,757° lugar,MICROSECCION
19,NUEVO LEON,1,18,19,SAN PEDRO GARZA GARCIA,356,1898,758° lugar,MICROSECCION
19,NUEVO LEON,1,19,48,SANTA CATARINA,2916,1898,759° lugar,MICROSECCION
19,NUEVO LEON,4,9,47,SAN NICOLAS DE LOS GARZA,1920,1897,760° lugar,MICROSECCION
19,NUEVO LEON,12,23,32,JUAREZ,2876,1894,761° lugar,MICROSECCION
19,NUEVO LEON,5,2,40,MONTERREY,1497,1893,762° lugar,MICROSECCION
19,NUEVO LEON,8,14,26,GUADALUPE,3012,1889,763° lugar,MICROSECCION
19,NUEVO LEON,1,19,48,SANTA CATARINA,3119,1889,764° lugar,MICROSECCION
19,NUEVO LEON,2,5,6,APODACA,3134,1889,765° lugar,MICROSECCION
19,NUEVO LEON,3,17,21,GRAL. ESCOBEDO,3149,1889,766° lugar,MICROSECCION
19,NUEVO LEON,1,19,48,SANTA CATARINA,2075,1887,767° lugar,MICROSECCION
19,NUEVO LEON,13,21,12,CIENEGA DE FLORES,2855,1886,768° lugar,MICROSECCION
19,NUEVO LEON,8,7,6,APODACA,3197,1885,769° lugar,MICROSECCION
19,NUEVO LEON,1,18,19,SAN PEDRO GARZA GARCIA,404,1884,770° lugar,MICROSECCION
19,NUEVO LEON,8,14,26,GUADALUPE,698,1884,771° lugar,MICROSECCION
19,NUEVO LEON,6,3,40,MONTERREY,1600,1880,772° lugar,MICROSECCION
19,NUEVO LEON,4,10,47,SAN NICOLAS DE LOS GARZA,1815,1880,773° lugar,MICROSECCION
19,NUEVO LEON,2,16,6,APODACA,2917,1880,774° lugar,MICROSECCION
19,NUEVO LEON,14,11,13,CHINA,245,1879,775° lugar,MICROSECCION
19,NUEVO LEON,4,9,47,SAN NICOLAS DE LOS GARZA,1855,1878,776° lugar,MICROSECCION
19,NUEVO LEON,3,17,21,GRAL. ESCOBEDO,3153,1878,777° lugar,MICROSECCION
19,NUEVO LEON,7,12,18,GARCIA,3007,1875,778° lugar,MICROSECCION
19,NUEVO LEON,2,16,6,APODACA,89,1872,779° lugar,MICROSECCION
19,NUEVO LEON,1,18,19,SAN PEDRO GARZA GARCIA,403,1871,780° lugar,MICROSECCION
19,NUEVO LEON,2,16,6,APODACA,3128,1871,781° lugar,MICROSECCION
19,NUEVO LEON,5,2,40,MONTERREY,1625,1870,782° lugar,MICROSECCION
19,NUEVO LEON,1,18,48,SANTA CATARINA,2018,1868,783° lugar,MICROSECCION
19,NUEVO LEON,9,24,17,GALEANA,309,1867,784° lugar,MICROSECCION
19,NUEVO LEON,13,21,12,CIENEGA DE FLORES,233,1866,785° lugar,MICROSECCION
19,NUEVO LEON,1,18,48,SANTA CATARINA,2060,1866,786° lugar,MICROSECCION
19,NUEVO LEON,5,2,40,MONTERREY,1481,1865,787° lugar,MICROSECCION
19,NUEVO LEON,1,18,19,SAN PEDRO GARZA GARCIA,365,1864,788° lugar,MICROSECCION
19,NUEVO LEON,5,2,40,MONTERREY,1616,1864,789° lugar,MICROSECCION
19,NUEVO LEON,8,14,26,GUADALUPE,671,1863,790° lugar,MICROSECCION
19,NUEVO LEON,8,7,6,APODACA,2202,1863,791° lugar,MICROSECCION
19,NUEVO LEON,5,2,40,MONTERREY,1615,1862,792° lugar,MICROSECCION
19,NUEVO LEON,5,2,40,MONTERREY,1476,1861,793° lugar,MICROSECCION
19,NUEVO LEON,1,19,48,SANTA CATARINA,2792,1861,794° lugar,MICROSECCION
19,NUEVO LEON,5,1,40,MONTERREY,1453,1860,795° lugar,MICROSECCION
19,NUEVO LEON,4,10,47,SAN NICOLAS DE LOS GARZA,2987,1857,796° lugar,MICROSECCION
19,NUEVO LEON,3,25,21,GRAL. ESCOBEDO,2535,1856,797° lugar,MICROSECCION
19,NUEVO LEON,8,7,6,APODACA,2238,1855,798° lugar,MICROSECCION
19,NUEVO LEON,2,16,6,APODACA,3046,1855,799° lugar,MICROSECCION
19,NUEVO LEON,5,1,40,MONTERREY,1471,1853,800° lugar,MICROSECCION
19,NUEVO LEON,6,3,40,MONTERREY,2807,1852,801° lugar,MICROSECCION
19,NUEVO LEON,11,15,26,GUADALUPE,583,1850,802° lugar,MICROSECCION
19,NUEVO LEON,11,13,26,GUADALUPE,3212,1849,803° lugar,MICROSECCION
19,NUEVO LEON,1,18,19,SAN PEDRO GARZA GARCIA,386,1846,804° lugar,MICROSECCION
19,NUEVO LEON,6,3,40,MONTERREY,1095,1845,805° lugar,MICROSECCION
19,NUEVO LEON,10,8,40,MONTERREY,1410,1845,806° lugar,MICROSECCION
19,NUEVO LEON,5,1,40,MONTERREY,1491,1842,807° lugar,MICROSECCION
19,NUEVO LEON,3,17,21,GRAL. ESCOBEDO,3157,1841,808° lugar,MICROSECCION
19,NUEVO LEON,11,15,26,GUADALUPE,582,1838,809° lugar,MICROSECCION
19,NUEVO LEON,4,10,47,SAN NICOLAS DE LOS GARZA,1874,1838,810° lugar,MICROSECCION
19,NUEVO LEON,1,18,19,SAN PEDRO GARZA GARCIA,413,1835,811° lugar,MICROSECCION
19,NUEVO LEON,5,2,40,MONTERREY,1474,1835,812° lugar,MICROSECCION
19,NUEVO LEON,1,18,48,SANTA CATARINA,2004,1834,813° lugar,MICROSECCION
19,NUEVO LEON,8,14,26,GUADALUPE,620,1832,814° lugar,MICROSECCION
19,NUEVO LEON,1,19,48,SANTA CATARINA,2071,1830,815° lugar,MICROSECCION
19,NUEVO LEON,7,20,18,GARCIA,2834,1827,816° lugar,MICROSECCION
19,NUEVO LEON,8,14,26,GUADALUPE,672,1824,817° lugar,MICROSECCION
19,NUEVO LEON,2,5,6,APODACA,111,1822,818° lugar,MICROSECCION
19,NUEVO LEON,4,10,47,SAN NICOLAS DE LOS GARZA,1789,1821,819° lugar,MICROSECCION
19,NUEVO LEON,12,22,32,JUAREZ,2353,1820,820° lugar,MICROSECCION
19,NUEVO LEON,5,1,40,MONTERREY,1460,1819,821° lugar,MICROSECCION
19,NUEVO LEON,4,9,47,SAN NICOLAS DE LOS GARZA,1996,1813,822° lugar,MICROSECCION
19,NUEVO LEON,13,4,46,SALINAS VICTORIA,2775,1813,823° lugar,MICROSECCION
19,NUEVO LEON,11,15,26,GUADALUPE,595,1812,824° lugar,MICROSECCION
19,NUEVO LEON,3,17,21,GRAL. ESCOBEDO,3054,1812,825° lugar,MICROSECCION
19,NUEVO LEON,7,20,18,GARCIA,2594,1810,826° lugar,MICROSECCION
19,NUEVO LEON,8,14,26,GUADALUPE,2958,1810,827° lugar,MICROSECCION
19,NUEVO LEON,12,23,32,JUAREZ,2672,1809,828° lugar,MICROSECCION
19,NUEVO LEON,1,18,48,SANTA CATARINA,3126,1808,829° lugar,MICROSECCION
19,NUEVO LEON,8,14,26,GUADALUPE,2703,1807,830° lugar,MICROSECCION
19,NUEVO LEON,11,15,26,GUADALUPE,625,1806,831° lugar,MICROSECCION
19,NUEVO LEON,8,14,26,GUADALUPE,675,1806,832° lugar,MICROSECCION
19,NUEVO LEON,10,6,40,MONTERREY,1307,1806,833° lugar,MICROSECCION
19,NUEVO LEON,1,19,48,SANTA CATARINA,2052,1806,834° lugar,MICROSECCION
19,NUEVO LEON,8,7,6,APODACA,2214,1806,835° lugar,MICROSECCION
19,NUEVO LEON,1,19,48,SANTA CATARINA,3115,1806,836° lugar,MICROSECCION
19,NUEVO LEON,5,2,40,MONTERREY,1546,1804,837° lugar,MICROSECCION
19,NUEVO LEON,11,15,26,GUADALUPE,766,1801,838° lugar,MICROSECCION
19,NUEVO LEON,4,9,47,SAN NICOLAS DE LOS GARZA,1909,1800,839° lugar,MICROSECCION
19,NUEVO LEON,5,1,40,MONTERREY,1465,1795,840° lugar,MICROSECCION
19,NUEVO LEON,5,1,40,MONTERREY,1459,1794,841° lugar,MICROSECCION
19,NUEVO LEON,14,11,42,PESQUERIA,3264,1794,842° lugar,MICROSECCION
19,NUEVO LEON,1,18,48,SANTA CATARINA,2064,1793,843° lugar,MICROSECCION
19,NUEVO LEON,8,5,6,APODACA,135,1791,844° lugar,MICROSECCION
19,NUEVO LEON,3,25,21,GRAL. ESCOBEDO,455,1789,845° lugar,MICROSECCION
19,NUEVO LEON,9,24,49,SANTIAGO,2096,1789,846° lugar,MICROSECCION
19,NUEVO LEON,11,15,26,GUADALUPE,600,1788,847° lugar,MICROSECCION
19,NUEVO LEON,8,13,26,GUADALUPE,713,1788,848° lugar,MICROSECCION
19,NUEVO LEON,4,10,47,SAN NICOLAS DE LOS GARZA,1898,1788,849° lugar,MICROSECCION
19,NUEVO LEON,8,7,6,APODACA,2218,1788,850° lugar,MICROSECCION
19,NUEVO LEON,5,2,40,MONTERREY,1523,1787,851° lugar,MICROSECCION
19,NUEVO LEON,4,10,47,SAN NICOLAS DE LOS GARZA,1861,1787,852° lugar,MICROSECCION
19,NUEVO LEON,13,21,45,SABINAS HIDALGO,2411,1786,853° lugar,MICROSECCION
19,NUEVO LEON,12,23,32,JUAREZ,3222,1785,854° lugar,MICROSECCION
19,NUEVO LEON,11,15,26,GUADALUPE,602,1784,855° lugar,MICROSECCION
19,NUEVO LEON,10,8,40,MONTERREY,1415,1783,856° lugar,MICROSECCION
19,NUEVO LEON,3,25,21,GRAL. ESCOBEDO,454,1782,857° lugar,MICROSECCION
19,NUEVO LEON,5,1,40,MONTERREY,1490,1782,858° lugar,MICROSECCION
19,NUEVO LEON,5,2,40,MONTERREY,1624,1782,859° lugar,MICROSECCION
19,NUEVO LEON,8,15,26,GUADALUPE,2903,1780,860° lugar,MICROSECCION
19,NUEVO LEON,2,5,6,APODACA,3145,1779,861° lugar,MICROSECCION
19,NUEVO LEON,5,1,40,MONTERREY,3060,1776,862° lugar,MICROSECCION
19,NUEVO LEON,3,25,21,GRAL. ESCOBEDO,2822,1775,863° lugar,MICROSECCION
19,NUEVO LEON,11,15,26,GUADALUPE,760,1773,864° lugar,MICROSECCION
19,NUEVO LEON,11,13,26,GUADALUPE,771,1773,865° lugar,MICROSECCION
19,NUEVO LEON,5,1,40,MONTERREY,1472,1772,866° lugar,MICROSECCION
19,NUEVO LEON,8,14,26,GUADALUPE,644,1771,867° lugar,MICROSECCION
19,NUEVO LEON,1,18,19,SAN PEDRO GARZA GARCIA,367,1770,868° lugar,MICROSECCION
19,NUEVO LEON,4,10,47,SAN NICOLAS DE LOS GARZA,1878,1770,869° lugar,MICROSECCION
19,NUEVO LEON,5,2,40,MONTERREY,1588,1769,870° lugar,MICROSECCION
19,NUEVO LEON,11,15,26,GUADALUPE,640,1768,871° lugar,MICROSECCION
19,NUEVO LEON,1,19,48,SANTA CATARINA,2790,1766,872° lugar,MICROSECCION
19,NUEVO LEON,8,14,26,GUADALUPE,649,1765,873° lugar,MICROSECCION
19,NUEVO LEON,13,4,10,CARMEN,3080,1765,874° lugar,MICROSECCION
19,NUEVO LEON,5,1,40,MONTERREY,1447,1764,875° lugar,MICROSECCION
19,NUEVO LEON,9,24,49,SANTIAGO,2091,1764,876° lugar,MICROSECCION
19,NUEVO LEON,5,1,40,MONTERREY,1439,1763,877° lugar,MICROSECCION
19,NUEVO LEON,6,2,40,MONTERREY,1563,1763,878° lugar,MICROSECCION
19,NUEVO LEON,12,23,32,JUAREZ,2871,1763,879° lugar,MICROSECCION
19,NUEVO LEON,6,3,40,MONTERREY,1531,1759,880° lugar,MICROSECCION
19,NUEVO LEON,5,2,40,MONTERREY,1613,1759,881° lugar,MICROSECCION
19,NUEVO LEON,11,13,26,GUADALUPE,776,1758,882° lugar,MICROSECCION
19,NUEVO LEON,8,7,6,APODACA,3201,1758,883° lugar,MICROSECCION
19,NUEVO LEON,5,2,40,MONTERREY,1545,1757,884° lugar,MICROSECCION
19,NUEVO LEON,10,8,40,MONTERREY,1424,1755,885° lugar,MICROSECCION
19,NUEVO LEON,11,15,26,GUADALUPE,686,1753,886° lugar,MICROSECCION
19,NUEVO LEON,6,3,40,MONTERREY,1604,1753,887° lugar,MICROSECCION
19,NUEVO LEON,8,14,26,GUADALUPE,3011,1753,888° lugar,MICROSECCION
19,NUEVO LEON,11,13,26,GUADALUPE,773,1751,889° lugar,MICROSECCION
19,NUEVO LEON,5,2,40,MONTERREY,1555,1751,890° lugar,MICROSECCION
19,NUEVO LEON,5,2,40,MONTERREY,1550,1748,891° lugar,MICROSECCION
19,NUEVO LEON,4,9,47,SAN NICOLAS DE LOS GARZA,1908,1748,892° lugar,MICROSECCION
19,NUEVO LEON,14,11,42,PESQUERIA,3274,1746,893° lugar,MICROSECCION
19,NUEVO LEON,8,14,26,GUADALUPE,645,1745,894° lugar,MICROSECCION
19,NUEVO LEON,11,13,26,GUADALUPE,796,1744,895° lugar,MICROSECCION
19,NUEVO LEON,5,2,40,MONTERREY,1517,1744,896° lugar,MICROSECCION
19,NUEVO LEON,5,2,40,MONTERREY,1586,1740,897° lugar,MICROSECCION
19,NUEVO LEON,11,13,26,GUADALUPE,729,1739,898° lugar,MICROSECCION
19,NUEVO LEON,9,26,39,MONTEMORELOS,938,1738,899° lugar,MICROSECCION
19,NUEVO LEON,10,6,40,MONTERREY,1309,1736,900° lugar,MICROSECCION
19,NUEVO LEON,4,10,47,SAN NICOLAS DE LOS GARZA,1787,1735,901° lugar,MICROSECCION
19,NUEVO LEON,3,17,21,GRAL. ESCOBEDO,437,1733,902° lugar,MICROSECCION
19,NUEVO LEON,9,24,30,HUALAHUISES,822,1733,903° lugar,MICROSECCION
19,NUEVO LEON,8,14,26,GUADALUPE,646,1732,904° lugar,MICROSECCION
19,NUEVO LEON,6,2,40,MONTERREY,1510,1731,905° lugar,MICROSECCION
19,NUEVO LEON,5,1,40,MONTERREY,1433,1730,906° lugar,MICROSECCION
19,NUEVO LEON,5,2,40,MONTERREY,1547,1730,907° lugar,MICROSECCION
19,NUEVO LEON,5,2,40,MONTERREY,1623,1730,908° lugar,MICROSECCION
19,NUEVO LEON,8,14,26,GUADALUPE,677,1727,909° lugar,MICROSECCION
19,NUEVO LEON,7,20,18,GARCIA,3182,1727,910° lugar,MICROSECCION
19,NUEVO LEON,8,14,26,GUADALUPE,2704,1726,911° lugar,MICROSECCION
19,NUEVO LEON,4,10,47,SAN NICOLAS DE LOS GARZA,1860,1725,912° lugar,MICROSECCION
19,NUEVO LEON,8,14,26,GUADALUPE,2702,1723,913° lugar,MICROSECCION
19,NUEVO LEON,4,10,47,SAN NICOLAS DE LOS GARZA,1783,1722,914° lugar,MICROSECCION
19,NUEVO LEON,13,4,46,SALINAS VICTORIA,2780,1722,915° lugar,MICROSECCION
19,NUEVO LEON,9,26,4,ALLENDE,26,1721,916° lugar,MICROSECCION
19,NUEVO LEON,4,10,47,SAN NICOLAS DE LOS GARZA,1859,1719,917° lugar,MICROSECCION
19,NUEVO LEON,7,12,18,GARCIA,2829,1719,918° lugar,MICROSECCION
19,NUEVO LEON,2,5,6,APODACA,3139,1719,919° lugar,MICROSECCION
19,NUEVO LEON,1,18,48,SANTA CATARINA,2065,1718,920° lugar,MICROSECCION
19,NUEVO LEON,2,16,6,APODACA,104,1717,921° lugar,MICROSECCION
19,NUEVO LEON,11,15,26,GUADALUPE,723,1716,922° lugar,MICROSECCION
19,NUEVO LEON,10,8,40,MONTERREY,1398,1715,923° lugar,MICROSECCION
19,NUEVO LEON,11,13,26,GUADALUPE,793,1714,924° lugar,MICROSECCION
19,NUEVO LEON,4,10,47,SAN NICOLAS DE LOS GARZA,1885,1714,925° lugar,MICROSECCION
19,NUEVO LEON,4,9,47,SAN NICOLAS DE LOS GARZA,1903,1714,926° lugar,MICROSECCION
19,NUEVO LEON,14,21,25,GRAL. ZUAZUA,3253,1714,927° lugar,MICROSECCION
19,NUEVO LEON,9,26,4,ALLENDE,25,1713,928° lugar,MICROSECCION
19,NUEVO LEON,1,19,48,SANTA CATARINA,2789,1712,929° lugar,MICROSECCION
19,NUEVO LEON,8,14,26,GUADALUPE,2709,1711,930° lugar,MICROSECCION
19,NUEVO LEON,8,7,6,APODACA,2956,1709,931° lugar,MICROSECCION
19,NUEVO LEON,3,25,21,GRAL. ESCOBEDO,2756,1708,932° lugar,MICROSECCION
19,NUEVO LEON,1,18,19,SAN PEDRO GARZA GARCIA,375,1704,933° lugar,MICROSECCION
19,NUEVO LEON,11,15,26,GUADALUPE,628,1704,934° lugar,MICROSECCION
19,NUEVO LEON,8,7,6,APODACA,2230,1703,935° lugar,MICROSECCION
19,NUEVO LEON,13,21,12,CIENEGA DE FLORES,2858,1700,936° lugar,MICROSECCION
19,NUEVO LEON,3,17,21,GRAL. ESCOBEDO,2940,1700,937° lugar,MICROSECCION
19,NUEVO LEON,11,15,26,GUADALUPE,593,1698,938° lugar,MICROSECCION
19,NUEVO LEON,10,8,40,MONTERREY,1419,1697,939° lugar,MICROSECCION
19,NUEVO LEON,4,10,47,SAN NICOLAS DE LOS GARZA,1862,1697,940° lugar,MICROSECCION
19,NUEVO LEON,4,10,47,SAN NICOLAS DE LOS GARZA,1781,1696,941° lugar,MICROSECCION
19,NUEVO LEON,13,21,5,ANAHUAC,48,1695,942° lugar,MICROSECCION
19,NUEVO LEON,6,3,40,MONTERREY,1573,1695,943° lugar,MICROSECCION
19,NUEVO LEON,4,9,47,SAN NICOLAS DE LOS GARZA,1997,1695,944° lugar,MICROSECCION
19,NUEVO LEON,6,3,40,MONTERREY,1571,1694,945° lugar,MICROSECCION
19,NUEVO LEON,12,22,32,JUAREZ,3232,1694,946° lugar,MICROSECCION
19,NUEVO LEON,5,1,40,MONTERREY,1482,1693,947° lugar,MICROSECCION
19,NUEVO LEON,5,2,40,MONTERREY,1549,1693,948° lugar,MICROSECCION
19,NUEVO LEON,8,7,6,APODACA,2215,1692,949° lugar,MICROSECCION
19,NUEVO LEON,7,12,18,GARCIA,3090,1690,950° lugar,MICROSECCION
19,NUEVO LEON,13,4,10,CARMEN,3066,1689,951° lugar,MICROSECCION
19,NUEVO LEON,5,1,40,MONTERREY,1432,1688,952° lugar,MICROSECCION
19,NUEVO LEON,1,19,48,SANTA CATARINA,2033,1688,953° lugar,MICROSECCION
19,NUEVO LEON,5,2,40,MONTERREY,1524,1687,954° lugar,MICROSECCION
19,NUEVO LEON,2,5,6,APODACA,3133,1687,955° lugar,MICROSECCION
19,NUEVO LEON,11,15,26,GUADALUPE,560,1686,956° lugar,MICROSECCION
19,NUEVO LEON,11,13,26,GUADALUPE,770,1685,957° lugar,MICROSECCION
19,NUEVO LEON,5,2,40,MONTERREY,976,1684,958° lugar,MICROSECCION
19,NUEVO LEON,6,3,40,MONTERREY,2800,1683,959° lugar,MICROSECCION
19,NUEVO LEON,11,13,26,GUADALUPE,749,1676,960° lugar,MICROSECCION
19,NUEVO LEON,3,17,21,GRAL. ESCOBEDO,490,1675,961° lugar,MICROSECCION
19,NUEVO LEON,1,19,48,SANTA CATARINA,2070,1674,962° lugar,MICROSECCION
19,NUEVO LEON,2,7,6,APODACA,119,1672,963° lugar,MICROSECCION
19,NUEVO LEON,1,18,19,SAN PEDRO GARZA GARCIA,364,1670,964° lugar,MICROSECCION
19,NUEVO LEON,11,15,26,GUADALUPE,601,1670,965° lugar,MICROSECCION
19,NUEVO LEON,11,15,26,GUADALUPE,785,1669,966° lugar,MICROSECCION
19,NUEVO LEON,10,8,40,MONTERREY,1426,1669,967° lugar,MICROSECCION
19,NUEVO LEON,1,19,48,SANTA CATARINA,2032,1669,968° lugar,MICROSECCION
19,NUEVO LEON,3,17,21,GRAL. ESCOBEDO,2942,1669,969° lugar,MICROSECCION
19,NUEVO LEON,9,24,7,ARAMBERRI,152,1667,970° lugar,MICROSECCION
19,NUEVO LEON,9,11,22,GRAL. TERAN,505,1667,971° lugar,MICROSECCION
19,NUEVO LEON,9,26,39,MONTEMORELOS,963,1667,972° lugar,MICROSECCION
19,NUEVO LEON,1,18,48,SANTA CATARINA,2066,1667,973° lugar,MICROSECCION
19,NUEVO LEON,7,12,18,GARCIA,2830,1666,974° lugar,MICROSECCION
19,NUEVO LEON,1,18,19,SAN PEDRO GARZA GARCIA,401,1665,975° lugar,MICROSECCION
19,NUEVO LEON,7,12,18,GARCIA,2306,1664,976° lugar,MICROSECCION
19,NUEVO LEON,14,21,25,GRAL. ZUAZUA,2633,1664,977° lugar,MICROSECCION
19,NUEVO LEON,2,5,6,APODACA,2976,1662,978° lugar,MICROSECCION
19,NUEVO LEON,9,26,4,ALLENDE,22,1661,979° lugar,MICROSECCION
19,NUEVO LEON,10,6,40,MONTERREY,1687,1661,980° lugar,MICROSECCION
19,NUEVO LEON,8,14,26,GUADALUPE,2898,1661,981° lugar,MICROSECCION
19,NUEVO LEON,14,11,11,CERRALVO,221,1660,982° lugar,MICROSECCION
19,NUEVO LEON,3,17,21,GRAL. ESCOBEDO,450,1659,983° lugar,MICROSECCION
19,NUEVO LEON,3,25,21,GRAL. ESCOBEDO,2945,1658,984° lugar,MICROSECCION
19,NUEVO LEON,4,10,47,SAN NICOLAS DE LOS GARZA,1809,1656,985° lugar,MICROSECCION
19,NUEVO LEON,11,15,26,GUADALUPE,584,1655,986° lugar,MICROSECCION
19,NUEVO LEON,5,2,40,MONTERREY,1612,1654,987° lugar,MICROSECCION
19,NUEVO LEON,1,19,48,SANTA CATARINA,2787,1654,988° lugar,MICROSECCION
19,NUEVO LEON,1,18,19,SAN PEDRO GARZA GARCIA,368,1653,989° lugar,MICROSECCION
19,NUEVO LEON,13,21,5,ANAHUAC,49,1650,990° lugar,MICROSECCION
19,NUEVO LEON,12,22,32,JUAREZ,2390,1650,991° lugar,MICROSECCION
19,NUEVO LEON,6,2,40,MONTERREY,1564,1649,992° lugar,MICROSECCION
19,NUEVO LEON,4,9,47,SAN NICOLAS DE LOS GARZA,1904,1649,993° lugar,MICROSECCION
19,NUEVO LEON,7,20,18,GARCIA,3189,1649,994° lugar,MICROSECCION
19,NUEVO LEON,13,4,46,SALINAS VICTORIA,2785,1648,995° lugar,MICROSECCION
19,NUEVO LEON,8,14,26,GUADALUPE,674,1646,996° lugar,MICROSECCION
19,NUEVO LEON,7,20,18,GARCIA,2555,1644,997° lugar,MICROSECCION
19,NUEVO LEON,1,18,19,SAN PEDRO GARZA GARCIA,363,1643,998° lugar,MICROSECCION
19,NUEVO LEON,1,18,19,SAN PEDRO GARZA GARCIA,417,1643,999° lugar,MICROSECCION
19,NUEVO LEON,2,16,6,APODACA,2426,1643,1000° lugar,MICROSECCION
19,NUEVO LEON,5,2,40,MONTERREY,1500,1642,1001° lugar,MICROSECCION
19,NUEVO LEON,12,22,32,JUAREZ,2366,1640,1002° lugar,MICROSECCION
19,NUEVO LEON,7,12,18,GARCIA,2279,1637,1003° lugar,MICROSECCION
19,NUEVO LEON,10,8,40,MONTERREY,1352,1636,1004° lugar,MICROSECCION
19,NUEVO LEON,12,22,32,JUAREZ,3235,1636,1005° lugar,MICROSECCION
19,NUEVO LEON,4,9,47,SAN NICOLAS DE LOS GARZA,1970,1635,1006° lugar,MICROSECCION
19,NUEVO LEON,10,8,40,MONTERREY,1336,1633,1007° lugar,MICROSECCION
19,NUEVO LEON,5,2,40,MONTERREY,1619,1633,1008° lugar,MICROSECCION
19,NUEVO LEON,1,18,48,SANTA CATARINA,2080,1632,1009° lugar,MICROSECCION
19,NUEVO LEON,3,25,21,GRAL. ESCOBEDO,2147,1632,1010° lugar,MICROSECCION
19,NUEVO LEON,11,15,26,GUADALUPE,722,1631,1011° lugar,MICROSECCION
19,NUEVO LEON,10,8,40,MONTERREY,1396,1631,1012° lugar,MICROSECCION
19,NUEVO LEON,6,3,40,MONTERREY,1044,1630,1013° lugar,MICROSECCION
19,NUEVO LEON,8,7,6,APODACA,3199,1628,1014° lugar,MICROSECCION
19,NUEVO LEON,4,10,47,SAN NICOLAS DE LOS GARZA,1810,1626,1015° lugar,MICROSECCION
19,NUEVO LEON,8,14,26,GUADALUPE,678,1625,1016° lugar,MICROSECCION
19,NUEVO LEON,3,17,21,GRAL. ESCOBEDO,435,1624,1017° lugar,MICROSECCION
19,NUEVO LEON,8,7,6,APODACA,2228,1624,1018° lugar,MICROSECCION
19,NUEVO LEON,14,26,9,CADEREYTA JIMENEZ,187,1622,1019° lugar,MICROSECCION
19,NUEVO LEON,3,17,21,GRAL. ESCOBEDO,488,1622,1020° lugar,MICROSECCION
19,NUEVO LEON,10,8,40,MONTERREY,1364,1622,1021° lugar,MICROSECCION
19,NUEVO LEON,5,2,40,MONTERREY,1560,1622,1022° lugar,MICROSECCION
19,NUEVO LEON,4,10,47,SAN NICOLAS DE LOS GARZA,1886,1622,1023° lugar,MICROSECCION
19,NUEVO LEON,8,14,26,GUADALUPE,2706,1622,1024° lugar,MICROSECCION
19,NUEVO LEON,11,15,26,GUADALUPE,548,1621,1025° lugar,MICROSECCION
19,NUEVO LEON,6,3,40,MONTERREY,1602,1621,1026° lugar,MICROSECCION
19,NUEVO LEON,1,18,19,SAN PEDRO GARZA GARCIA,369,1620,1027° lugar,MICROSECCION
19,NUEVO LEON,8,14,26,GUADALUPE,670,1620,1028° lugar,MICROSECCION
19,NUEVO LEON,2,16,6,APODACA,78,1619,1029° lugar,MICROSECCION
19,NUEVO LEON,5,2,40,MONTERREY,1589,1619,1030° lugar,MICROSECCION
19,NUEVO LEON,4,10,47,SAN NICOLAS DE LOS GARZA,1778,1617,1031° lugar,MICROSECCION
19,NUEVO LEON,10,8,40,MONTERREY,1387,1615,1032° lugar,MICROSECCION
19,NUEVO LEON,1,18,19,SAN PEDRO GARZA GARCIA,382,1613,1033° lugar,MICROSECCION
19,NUEVO LEON,9,24,34,LINARES,897,1613,1034° lugar,MICROSECCION
19,NUEVO LEON,10,8,40,MONTERREY,1397,1612,1035° lugar,MICROSECCION
19,NUEVO LEON,6,3,40,MONTERREY,1581,1612,1036° lugar,MICROSECCION
19,NUEVO LEON,3,17,21,GRAL. ESCOBEDO,436,1611,1037° lugar,MICROSECCION
19,NUEVO LEON,4,9,47,SAN NICOLAS DE LOS GARZA,1854,1611,1038° lugar,MICROSECCION
19,NUEVO LEON,1,18,19,SAN PEDRO GARZA GARCIA,362,1610,1039° lugar,MICROSECCION
19,NUEVO LEON,5,2,40,MONTERREY,1525,1610,1040° lugar,MICROSECCION
19,NUEVO LEON,4,9,47,SAN NICOLAS DE LOS GARZA,1888,1610,1041° lugar,MICROSECCION
19,NUEVO LEON,8,7,6,APODACA,2209,1610,1042° lugar,MICROSECCION
19,NUEVO LEON,1,18,19,SAN PEDRO GARZA GARCIA,412,1609,1043° lugar,MICROSECCION
19,NUEVO LEON,11,15,26,GUADALUPE,603,1609,1044° lugar,MICROSECCION
19,NUEVO LEON,14,26,9,CADEREYTA JIMENEZ,190,1608,1045° lugar,MICROSECCION
19,NUEVO LEON,3,25,21,GRAL. ESCOBEDO,2751,1608,1046° lugar,MICROSECCION
19,NUEVO LEON,11,15,26,GUADALUPE,687,1607,1047° lugar,MICROSECCION
19,NUEVO LEON,6,3,40,MONTERREY,1094,1607,1048° lugar,MICROSECCION
19,NUEVO LEON,10,8,40,MONTERREY,1357,1607,1049° lugar,MICROSECCION
19,NUEVO LEON,10,8,40,MONTERREY,1313,1606,1050° lugar,MICROSECCION
19,NUEVO LEON,13,4,46,SALINAS VICTORIA,2779,1606,1051° lugar,MICROSECCION
19,NUEVO LEON,7,20,18,GARCIA,2618,1605,1052° lugar,MICROSECCION
19,NUEVO LEON,11,13,26,GUADALUPE,737,1604,1053° lugar,MICROSECCION
19,NUEVO LEON,11,13,26,GUADALUPE,754,1604,1054° lugar,MICROSECCION
19,NUEVO LEON,5,2,40,MONTERREY,1544,1604,1055° lugar,MICROSECCION
19,NUEVO LEON,1,19,48,SANTA CATARINA,2069,1603,1056° lugar,MICROSECCION
19,NUEVO LEON,6,3,40,MONTERREY,1534,1602,1057° lugar,MICROSECCION
19,NUEVO LEON,3,17,21,GRAL. ESCOBEDO,467,1601,1058° lugar,MICROSECCION
19,NUEVO LEON,10,8,40,MONTERREY,1411,1601,1059° lugar,MICROSECCION
19,NUEVO LEON,10,8,40,MONTERREY,1351,1600,1060° lugar,MICROSECCION
19,NUEVO LEON,4,9,47,SAN NICOLAS DE LOS GARZA,1954,1600,1061° lugar,MICROSECCION
19,NUEVO LEON,1,19,48,SANTA CATARINA,2791,1600,1062° lugar,MICROSECCION
19,NUEVO LEON,5,2,40,MONTERREY,1617,1599,1063° lugar,MICROSECCION
19,NUEVO LEON,5,2,40,MONTERREY,1477,1598,1064° lugar,MICROSECCION
19,NUEVO LEON,1,18,19,SAN PEDRO GARZA GARCIA,357,1597,1065° lugar,MICROSECCION
19,NUEVO LEON,10,8,40,MONTERREY,1386,1596,1066° lugar,MICROSECCION
19,NUEVO LEON,4,9,47,SAN NICOLAS DE LOS GARZA,1910,1595,1067° lugar,MICROSECCION
19,NUEVO LEON,8,7,6,APODACA,2235,1595,1068° lugar,MICROSECCION
19,NUEVO LEON,11,13,26,GUADALUPE,3217,1594,1069° lugar,MICROSECCION
19,NUEVO LEON,14,11,20,GRAL. BRAVO,421,1593,1070° lugar,MICROSECCION
19,NUEVO LEON,12,22,32,JUAREZ,846,1592,1071° lugar,MICROSECCION
19,NUEVO LEON,11,13,26,GUADALUPE,738,1590,1072° lugar,MICROSECCION
19,NUEVO LEON,6,3,40,MONTERREY,1005,1587,1073° lugar,MICROSECCION
19,NUEVO LEON,1,18,48,SANTA CATARINA,2016,1587,1074° lugar,MICROSECCION
19,NUEVO LEON,14,11,42,PESQUERIA,3276,1585,1075° lugar,MICROSECCION
19,NUEVO LEON,8,14,26,GUADALUPE,669,1584,1076° lugar,MICROSECCION
19,NUEVO LEON,1,19,48,SANTA CATARINA,2038,1584,1077° lugar,MICROSECCION
19,NUEVO LEON,4,9,47,SAN NICOLAS DE LOS GARZA,1852,1583,1078° lugar,MICROSECCION
19,NUEVO LEON,4,10,47,SAN NICOLAS DE LOS GARZA,1790,1581,1079° lugar,MICROSECCION
19,NUEVO LEON,2,5,6,APODACA,115,1580,1080° lugar,MICROSECCION
19,NUEVO LEON,5,2,40,MONTERREY,1593,1580,1081° lugar,MICROSECCION
19,NUEVO LEON,6,2,40,MONTERREY,1594,1580,1082° lugar,MICROSECCION
19,NUEVO LEON,4,9,47,SAN NICOLAS DE LOS GARZA,1975,1580,1083° lugar,MICROSECCION
19,NUEVO LEON,9,26,4,ALLENDE,33,1578,1084° lugar,MICROSECCION
19,NUEVO LEON,9,24,17,GALEANA,312,1575,1085° lugar,MICROSECCION
19,NUEVO LEON,3,17,21,GRAL. ESCOBEDO,489,1575,1086° lugar,MICROSECCION
19,NUEVO LEON,4,10,47,SAN NICOLAS DE LOS GARZA,1880,1574,1087° lugar,MICROSECCION
19,NUEVO LEON,11,15,26,GUADALUPE,720,1573,1088° lugar,MICROSECCION
19,NUEVO LEON,4,10,47,SAN NICOLAS DE LOS GARZA,1845,1573,1089° lugar,MICROSECCION
19,NUEVO LEON,2,16,6,APODACA,94,1572,1090° lugar,MICROSECCION
19,NUEVO LEON,4,9,47,SAN NICOLAS DE LOS GARZA,1929,1572,1091° lugar,MICROSECCION
19,NUEVO LEON,3,17,21,GRAL. ESCOBEDO,476,1570,1092° lugar,MICROSECCION
19,NUEVO LEON,11,15,26,GUADALUPE,544,1569,1093° lugar,MICROSECCION
19,NUEVO LEON,4,10,47,SAN NICOLAS DE LOS GARZA,1881,1567,1094° lugar,MICROSECCION
19,NUEVO LEON,13,4,10,CARMEN,3075,1567,1095° lugar,MICROSECCION
19,NUEVO LEON,10,8,40,MONTERREY,1331,1566,1096° lugar,MICROSECCION
19,NUEVO LEON,4,9,47,SAN NICOLAS DE LOS GARZA,1905,1566,1097° lugar,MICROSECCION
19,NUEVO LEON,1,18,19,SAN PEDRO GARZA GARCIA,372,1563,1098° lugar,MICROSECCION
19,NUEVO LEON,10,8,40,MONTERREY,1334,1562,1099° lugar,MICROSECCION
19,NUEVO LEON,4,9,47,SAN NICOLAS DE LOS GARZA,1984,1562,1100° lugar,MICROSECCION
19,NUEVO LEON,5,2,40,MONTERREY,1475,1560,1101° lugar,MICROSECCION
19,NUEVO LEON,8,14,26,GUADALUPE,2695,1560,1102° lugar,MICROSECCION
19,NUEVO LEON,1,19,48,SANTA CATARINA,2913,1560,1103° lugar,MICROSECCION
19,NUEVO LEON,8,14,26,GUADALUPE,3205,1560,1104° lugar,MICROSECCION
19,NUEVO LEON,2,16,6,APODACA,2182,1558,1105° lugar,MICROSECCION
19,NUEVO LEON,11,14,26,GUADALUPE,689,1557,1106° lugar,MICROSECCION
19,NUEVO LEON,5,2,40,MONTERREY,979,1555,1107° lugar,MICROSECCION
19,NUEVO LEON,5,2,40,MONTERREY,1478,1555,1108° lugar,MICROSECCION
19,NUEVO LEON,5,2,40,MONTERREY,1622,1555,1109° lugar,MICROSECCION
19,NUEVO LEON,9,24,49,SANTIAGO,2087,1554,1110° lugar,MICROSECCION
19,NUEVO LEON,2,16,6,APODACA,96,1550,1111° lugar,MICROSECCION
19,NUEVO LEON,10,8,40,MONTERREY,1408,1550,1112° lugar,MICROSECCION
19,NUEVO LEON,4,9,47,SAN NICOLAS DE LOS GARZA,1971,1550,1113° lugar,MICROSECCION
19,NUEVO LEON,8,7,6,APODACA,2219,1550,1114° lugar,MICROSECCION
19,NUEVO LEON,14,21,25,GRAL. ZUAZUA,2622,1548,1115° lugar,MICROSECCION
19,NUEVO LEON,10,8,40,MONTERREY,1380,1546,1116° lugar,MICROSECCION
19,NUEVO LEON,7,20,18,GARCIA,3183,1546,1117° lugar,MICROSECCION
19,NUEVO LEON,2,5,6,APODACA,3146,1545,1118° lugar,MICROSECCION
19,NUEVO LEON,11,15,26,GUADALUPE,726,1543,1119° lugar,MICROSECCION
19,NUEVO LEON,4,9,47,SAN NICOLAS DE LOS GARZA,1973,1541,1120° lugar,MICROSECCION
19,NUEVO LEON,1,19,48,SANTA CATARINA,2031,1541,1121° lugar,MICROSECCION
19,NUEVO LEON,1,18,48,SANTA CATARINA,2063,1541,1122° lugar,MICROSECCION
19,NUEVO LEON,5,2,40,MONTERREY,1592,1540,1123° lugar,MICROSECCION
19,NUEVO LEON,4,10,47,SAN NICOLAS DE LOS GARZA,1882,1540,1124° lugar,MICROSECCION
19,NUEVO LEON,4,9,47,SAN NICOLAS DE LOS GARZA,1944,1540,1125° lugar,MICROSECCION
19,NUEVO LEON,7,12,18,GARCIA,2824,1540,1126° lugar,MICROSECCION
19,NUEVO LEON,14,11,42,PESQUERIA,2891,1540,1127° lugar,MICROSECCION
19,NUEVO LEON,11,13,26,GUADALUPE,769,1538,1128° lugar,MICROSECCION
19,NUEVO LEON,11,15,26,GUADALUPE,764,1537,1129° lugar,MICROSECCION
19,NUEVO LEON,5,1,40,MONTERREY,1464,1537,1130° lugar,MICROSECCION
19,NUEVO LEON,14,11,42,PESQUERIA,3028,1537,1131° lugar,MICROSECCION
19,NUEVO LEON,11,13,26,GUADALUPE,780,1536,1132° lugar,MICROSECCION
19,NUEVO LEON,4,10,47,SAN NICOLAS DE LOS GARZA,1793,1536,1133° lugar,MICROSECCION
19,NUEVO LEON,11,15,26,GUADALUPE,537,1534,1134° lugar,MICROSECCION
19,NUEVO LEON,13,4,51,VILLALDAMA,2118,1533,1135° lugar,MICROSECCION
19,NUEVO LEON,2,5,6,APODACA,105,1532,1136° lugar,MICROSECCION
19,NUEVO LEON,11,13,26,GUADALUPE,3214,1532,1137° lugar,MICROSECCION
19,NUEVO LEON,14,11,42,PESQUERIA,3036,1530,1138° lugar,MICROSECCION
19,NUEVO LEON,9,24,31,ITURBIDE,831,1528,1139° lugar,MICROSECCION
19,NUEVO LEON,2,16,6,APODACA,2180,1528,1140° lugar,MICROSECCION
19,NUEVO LEON,3,17,21,GRAL. ESCOBEDO,452,1526,1141° lugar,MICROSECCION
19,NUEVO LEON,5,2,40,MONTERREY,1527,1525,1142° lugar,MICROSECCION
19,NUEVO LEON,4,9,47,SAN NICOLAS DE LOS GARZA,1955,1524,1143° lugar,MICROSECCION
19,NUEVO LEON,2,7,6,APODACA,118,1523,1144° lugar,MICROSECCION
19,NUEVO LEON,11,15,26,GUADALUPE,586,1523,1145° lugar,MICROSECCION
19,NUEVO LEON,12,22,32,JUAREZ,3243,1523,1146° lugar,MICROSECCION
19,NUEVO LEON,1,18,19,SAN PEDRO GARZA GARCIA,358,1520,1147° lugar,MICROSECCION
19,NUEVO LEON,11,13,26,GUADALUPE,718,1520,1148° lugar,MICROSECCION
19,NUEVO LEON,4,10,47,SAN NICOLAS DE LOS GARZA,1870,1520,1149° lugar,MICROSECCION
19,NUEVO LEON,12,22,32,JUAREZ,2407,1518,1150° lugar,MICROSECCION
19,NUEVO LEON,14,11,13,CHINA,244,1517,1151° lugar,MICROSECCION
19,NUEVO LEON,14,11,42,PESQUERIA,3258,1517,1152° lugar,MICROSECCION
19,NUEVO LEON,9,24,17,GALEANA,322,1516,1153° lugar,MICROSECCION
19,NUEVO LEON,9,24,34,LINARES,888,1515,1154° lugar,MICROSECCION
19,NUEVO LEON,4,10,47,SAN NICOLAS DE LOS GARZA,1797,1514,1155° lugar,MICROSECCION
19,NUEVO LEON,4,9,47,SAN NICOLAS DE LOS GARZA,1969,1514,1156° lugar,MICROSECCION
19,NUEVO LEON,12,23,32,JUAREZ,2679,1514,1157° lugar,MICROSECCION
19,NUEVO LEON,12,23,32,JUAREZ,3107,1514,1158° lugar,MICROSECCION
19,NUEVO LEON,13,21,5,ANAHUAC,43,1512,1159° lugar,MICROSECCION
19,NUEVO LEON,10,8,40,MONTERREY,1350,1512,1160° lugar,MICROSECCION
19,NUEVO LEON,5,2,40,MONTERREY,1626,1512,1161° lugar,MICROSECCION
19,NUEVO LEON,4,10,47,SAN NICOLAS DE LOS GARZA,1804,1512,1162° lugar,MICROSECCION
19,NUEVO LEON,4,9,47,SAN NICOLAS DE LOS GARZA,1919,1512,1163° lugar,MICROSECCION
19,NUEVO LEON,1,19,48,SANTA CATARINA,2027,1512,1164° lugar,MICROSECCION
19,NUEVO LEON,14,11,42,PESQUERIA,3031,1510,1165° lugar,MICROSECCION
19,NUEVO LEON,1,19,48,SANTA CATARINA,2034,1509,1166° lugar,MICROSECCION
19,NUEVO LEON,14,21,25,GRAL. ZUAZUA,3252,1508,1167° lugar,MICROSECCION
19,NUEVO LEON,7,12,18,GARCIA,348,1507,1168° lugar,MICROSECCION
19,NUEVO LEON,6,2,40,MONTERREY,1512,1507,1169° lugar,MICROSECCION
19,NUEVO LEON,3,25,21,GRAL. ESCOBEDO,2146,1507,1170° lugar,MICROSECCION
19,NUEVO LEON,11,15,26,GUADALUPE,668,1506,1171° lugar,MICROSECCION
19,NUEVO LEON,11,15,26,GUADALUPE,765,1506,1172° lugar,MICROSECCION
19,NUEVO LEON,6,3,40,MONTERREY,1605,1506,1173° lugar,MICROSECCION
19,NUEVO LEON,7,20,18,GARCIA,2593,1506,1174° lugar,MICROSECCION
19,NUEVO LEON,2,16,6,APODACA,99,1505,1175° lugar,MICROSECCION
19,NUEVO LEON,8,14,26,GUADALUPE,701,1505,1176° lugar,MICROSECCION
19,NUEVO LEON,6,3,40,MONTERREY,1509,1505,1177° lugar,MICROSECCION
19,NUEVO LEON,4,10,47,SAN NICOLAS DE LOS GARZA,1853,1505,1178° lugar,MICROSECCION
19,NUEVO LEON,4,10,47,SAN NICOLAS DE LOS GARZA,1813,1503,1179° lugar,MICROSECCION
19,NUEVO LEON,8,14,26,GUADALUPE,611,1502,1180° lugar,MICROSECCION
19,NUEVO LEON,9,24,34,LINARES,871,1502,1181° lugar,MICROSECCION
19,NUEVO LEON,11,15,26,GUADALUPE,727,1500,1182° lugar,MICROSECCION
19,NUEVO LEON,11,13,26,GUADALUPE,733,1500,1183° lugar,MICROSECCION
19,NUEVO LEON,5,1,40,MONTERREY,1437,1500,1184° lugar,MICROSECCION
19,NUEVO LEON,5,1,40,MONTERREY,1485,1499,1185° lugar,MICROSECCION
19,NUEVO LEON,6,2,40,MONTERREY,1541,1499,1186° lugar,MICROSECCION
19,NUEVO LEON,2,5,6,APODACA,3138,1499,1187° lugar,MICROSECCION
19,NUEVO LEON,11,14,26,GUADALUPE,695,1498,1188° lugar,MICROSECCION
19,NUEVO LEON,3,25,21,GRAL. ESCOBEDO,2141,1498,1189° lugar,MICROSECCION
19,NUEVO LEON,8,7,6,APODACA,2210,1498,1190° lugar,MICROSECCION
19,NUEVO LEON,12,23,32,JUAREZ,3108,1498,1191° lugar,MICROSECCION
19,NUEVO LEON,11,14,26,GUADALUPE,690,1494,1192° lugar,MICROSECCION
19,NUEVO LEON,5,2,40,MONTERREY,1514,1494,1193° lugar,MICROSECCION
19,NUEVO LEON,5,2,40,MONTERREY,1620,1494,1194° lugar,MICROSECCION
19,NUEVO LEON,13,4,46,SALINAS VICTORIA,1759,1494,1195° lugar,MICROSECCION
19,NUEVO LEON,4,10,47,SAN NICOLAS DE LOS GARZA,1849,1494,1196° lugar,MICROSECCION
19,NUEVO LEON,1,18,19,SAN PEDRO GARZA GARCIA,392,1493,1197° lugar,MICROSECCION
19,NUEVO LEON,6,3,40,MONTERREY,1598,1493,1198° lugar,MICROSECCION
19,NUEVO LEON,4,10,47,SAN NICOLAS DE LOS GARZA,1811,1493,1199° lugar,MICROSECCION
19,NUEVO LEON,12,23,32,JUAREZ,835,1489,1200° lugar,MICROSECCION
19,NUEVO LEON,9,26,39,MONTEMORELOS,933,1489,1201° lugar,MICROSECCION
19,NUEVO LEON,4,9,47,SAN NICOLAS DE LOS GARZA,1943,1487,1202° lugar,MICROSECCION
19,NUEVO LEON,9,24,17,GALEANA,329,1486,1203° lugar,MICROSECCION
19,NUEVO LEON,14,11,42,PESQUERIA,3026,1486,1204° lugar,MICROSECCION
19,NUEVO LEON,8,7,6,APODACA,2253,1485,1205° lugar,MICROSECCION
19,NUEVO LEON,12,23,32,JUAREZ,3221,1485,1206° lugar,MICROSECCION
19,NUEVO LEON,9,24,17,GALEANA,321,1484,1207° lugar,MICROSECCION
19,NUEVO LEON,4,10,47,SAN NICOLAS DE LOS GARZA,1764,1484,1208° lugar,MICROSECCION
19,NUEVO LEON,4,10,47,SAN NICOLAS DE LOS GARZA,1864,1484,1209° lugar,MICROSECCION
19,NUEVO LEON,4,9,47,SAN NICOLAS DE LOS GARZA,1976,1484,1210° lugar,MICROSECCION
19,NUEVO LEON,1,18,19,SAN PEDRO GARZA GARCIA,408,1483,1211° lugar,MICROSECCION
19,NUEVO LEON,8,14,26,GUADALUPE,673,1483,1212° lugar,MICROSECCION
19,NUEVO LEON,12,23,32,JUAREZ,3112,1483,1213° lugar,MICROSECCION
19,NUEVO LEON,11,13,26,GUADALUPE,746,1482,1214° lugar,MICROSECCION
19,NUEVO LEON,12,22,32,JUAREZ,2372,1482,1215° lugar,MICROSECCION
19,NUEVO LEON,11,15,26,GUADALUPE,643,1481,1216° lugar,MICROSECCION
19,NUEVO LEON,12,23,32,JUAREZ,2669,1481,1217° lugar,MICROSECCION
19,NUEVO LEON,14,11,42,PESQUERIA,3042,1481,1218° lugar,MICROSECCION
19,NUEVO LEON,4,10,47,SAN NICOLAS DE LOS GARZA,1808,1480,1219° lugar,MICROSECCION
19,NUEVO LEON,1,19,48,SANTA CATARINA,2028,1480,1220° lugar,MICROSECCION
19,NUEVO LEON,6,3,40,MONTERREY,1093,1479,1221° lugar,MICROSECCION
19,NUEVO LEON,9,24,24,GRAL. ZARAGOZA,518,1478,1222° lugar,MICROSECCION
19,NUEVO LEON,9,26,39,MONTEMORELOS,949,1478,1223° lugar,MICROSECCION
19,NUEVO LEON,13,4,1,ABASOLO,2,1477,1224° lugar,MICROSECCION
19,NUEVO LEON,11,15,26,GUADALUPE,546,1476,1225° lugar,MICROSECCION
19,NUEVO LEON,9,24,14,DR. ARROYO,271,1475,1226° lugar,MICROSECCION
19,NUEVO LEON,11,13,26,GUADALUPE,779,1475,1227° lugar,MICROSECCION
19,NUEVO LEON,11,13,26,GUADALUPE,714,1474,1228° lugar,MICROSECCION
19,NUEVO LEON,4,9,47,SAN NICOLAS DE LOS GARZA,1856,1474,1229° lugar,MICROSECCION
19,NUEVO LEON,1,18,48,SANTA CATARINA,2005,1473,1230° lugar,MICROSECCION
19,NUEVO LEON,14,11,42,PESQUERIA,3030,1473,1231° lugar,MICROSECCION
19,NUEVO LEON,9,26,39,MONTEMORELOS,951,1471,1232° lugar,MICROSECCION
19,NUEVO LEON,9,24,34,LINARES,902,1470,1233° lugar,MICROSECCION
19,NUEVO LEON,1,18,48,SANTA CATARINA,2013,1468,1234° lugar,MICROSECCION
19,NUEVO LEON,12,23,32,JUAREZ,2349,1468,1235° lugar,MICROSECCION
19,NUEVO LEON,14,11,42,PESQUERIA,3262,1468,1236° lugar,MICROSECCION
19,NUEVO LEON,4,9,47,SAN NICOLAS DE LOS GARZA,1887,1466,1237° lugar,MICROSECCION
19,NUEVO LEON,2,16,6,APODACA,92,1465,1238° lugar,MICROSECCION
19,NUEVO LEON,6,2,40,MONTERREY,1596,1465,1239° lugar,MICROSECCION
19,NUEVO LEON,11,15,26,GUADALUPE,782,1464,1240° lugar,MICROSECCION
19,NUEVO LEON,4,10,47,SAN NICOLAS DE LOS GARZA,1850,1464,1241° lugar,MICROSECCION
19,NUEVO LEON,4,10,47,SAN NICOLAS DE LOS GARZA,1848,1463,1242° lugar,MICROSECCION
19,NUEVO LEON,9,11,22,GRAL. TERAN,508,1462,1243° lugar,MICROSECCION
19,NUEVO LEON,10,6,40,MONTERREY,1326,1462,1244° lugar,MICROSECCION
19,NUEVO LEON,4,9,47,SAN NICOLAS DE LOS GARZA,1998,1462,1245° lugar,MICROSECCION
19,NUEVO LEON,12,23,32,JUAREZ,2348,1462,1246° lugar,MICROSECCION
19,NUEVO LEON,7,12,18,GARCIA,3094,1462,1247° lugar,MICROSECCION
19,NUEVO LEON,6,2,40,MONTERREY,1565,1461,1248° lugar,MICROSECCION
19,NUEVO LEON,3,17,21,GRAL. ESCOBEDO,2758,1461,1249° lugar,MICROSECCION
19,NUEVO LEON,11,13,26,GUADALUPE,775,1460,1250° lugar,MICROSECCION
19,NUEVO LEON,6,2,40,MONTERREY,1584,1460,1251° lugar,MICROSECCION
19,NUEVO LEON,4,9,47,SAN NICOLAS DE LOS GARZA,1918,1460,1252° lugar,MICROSECCION
19,NUEVO LEON,2,16,6,APODACA,2177,1460,1253° lugar,MICROSECCION
19,NUEVO LEON,4,10,47,SAN NICOLAS DE LOS GARZA,1780,1459,1254° lugar,MICROSECCION
19,NUEVO LEON,4,9,47,SAN NICOLAS DE LOS GARZA,1937,1459,1255° lugar,MICROSECCION
19,NUEVO LEON,13,4,10,CARMEN,3071,1459,1256° lugar,MICROSECCION
19,NUEVO LEON,11,13,26,GUADALUPE,728,1458,1257° lugar,MICROSECCION
19,NUEVO LEON,14,11,42,PESQUERIA,2890,1458,1258° lugar,MICROSECCION
19,NUEVO LEON,6,2,40,MONTERREY,1528,1457,1259° lugar,MICROSECCION
19,NUEVO LEON,1,19,48,SANTA CATARINA,3118,1457,1260° lugar,MICROSECCION
19,NUEVO LEON,11,14,26,GUADALUPE,697,1456,1261° lugar,MICROSECCION
19,NUEVO LEON,4,10,47,SAN NICOLAS DE LOS GARZA,1767,1455,1262° lugar,MICROSECCION
19,NUEVO LEON,4,10,47,SAN NICOLAS DE LOS GARZA,1899,1455,1263° lugar,MICROSECCION
19,NUEVO LEON,9,26,4,ALLENDE,23,1454,1264° lugar,MICROSECCION
19,NUEVO LEON,11,15,26,GUADALUPE,577,1454,1265° lugar,MICROSECCION
19,NUEVO LEON,11,14,26,GUADALUPE,680,1454,1266° lugar,MICROSECCION
19,NUEVO LEON,4,10,47,SAN NICOLAS DE LOS GARZA,1791,1454,1267° lugar,MICROSECCION
19,NUEVO LEON,4,9,47,SAN NICOLAS DE LOS GARZA,1926,1454,1268° lugar,MICROSECCION
19,NUEVO LEON,9,26,39,MONTEMORELOS,964,1453,1269° lugar,MICROSECCION
19,NUEVO LEON,4,10,47,SAN NICOLAS DE LOS GARZA,1879,1452,1270° lugar,MICROSECCION
19,NUEVO LEON,10,6,40,MONTERREY,1686,1451,1271° lugar,MICROSECCION
19,NUEVO LEON,11,15,26,GUADALUPE,684,1450,1272° lugar,MICROSECCION
19,NUEVO LEON,6,2,40,MONTERREY,1562,1450,1273° lugar,MICROSECCION
19,NUEVO LEON,8,7,6,APODACA,2212,1450,1274° lugar,MICROSECCION
19,NUEVO LEON,2,16,6,APODACA,3130,1450,1275° lugar,MICROSECCION
19,NUEVO LEON,11,15,26,GUADALUPE,682,1449,1276° lugar,MICROSECCION
19,NUEVO LEON,4,10,47,SAN NICOLAS DE LOS GARZA,1782,1449,1277° lugar,MICROSECCION
19,NUEVO LEON,13,4,10,CARMEN,3061,1448,1278° lugar,MICROSECCION
19,NUEVO LEON,11,13,26,GUADALUPE,797,1447,1279° lugar,MICROSECCION
19,NUEVO LEON,8,14,26,GUADALUPE,608,1446,1280° lugar,MICROSECCION
19,NUEVO LEON,11,13,26,GUADALUPE,802,1446,1281° lugar,MICROSECCION
19,NUEVO LEON,9,24,30,HUALAHUISES,826,1446,1282° lugar,MICROSECCION
19,NUEVO LEON,4,10,47,SAN NICOLAS DE LOS GARZA,1812,1445,1283° lugar,MICROSECCION
19,NUEVO LEON,1,19,48,SANTA CATARINA,2035,1445,1284° lugar,MICROSECCION
19,NUEVO LEON,8,14,26,GUADALUPE,2957,1445,1285° lugar,MICROSECCION
19,NUEVO LEON,9,24,14,DR. ARROYO,268,1444,1286° lugar,MICROSECCION
19,NUEVO LEON,9,26,39,MONTEMORELOS,952,1444,1287° lugar,MICROSECCION
19,NUEVO LEON,1,19,48,SANTA CATARINA,2037,1444,1288° lugar,MICROSECCION
19,NUEVO LEON,14,26,9,CADEREYTA JIMENEZ,184,1443,1289° lugar,MICROSECCION
19,NUEVO LEON,2,5,6,APODACA,2461,1442,1290° lugar,MICROSECCION
19,NUEVO LEON,11,15,26,GUADALUPE,685,1440,1291° lugar,MICROSECCION
19,NUEVO LEON,3,25,21,GRAL. ESCOBEDO,2155,1440,1292° lugar,MICROSECCION
19,NUEVO LEON,4,9,47,SAN NICOLAS DE LOS GARZA,1965,1438,1293° lugar,MICROSECCION
19,NUEVO LEON,6,2,40,MONTERREY,1608,1437,1294° lugar,MICROSECCION
19,NUEVO LEON,5,2,40,MONTERREY,1627,1437,1295° lugar,MICROSECCION
19,NUEVO LEON,14,11,42,PESQUERIA,3268,1436,1296° lugar,MICROSECCION
19,NUEVO LEON,4,10,47,SAN NICOLAS DE LOS GARZA,1865,1435,1297° lugar,MICROSECCION
19,NUEVO LEON,10,8,40,MONTERREY,3013,1434,1298° lugar,MICROSECCION
19,NUEVO LEON,6,3,40,MONTERREY,1508,1431,1299° lugar,MICROSECCION
19,NUEVO LEON,8,14,26,GUADALUPE,613,1430,1300° lugar,MICROSECCION
19,NUEVO LEON,11,13,26,GUADALUPE,730,1430,1301° lugar,MICROSECCION
19,NUEVO LEON,11,14,26,GUADALUPE,681,1429,1302° lugar,MICROSECCION
19,NUEVO LEON,5,1,40,MONTERREY,1457,1428,1303° lugar,MICROSECCION
19,NUEVO LEON,4,10,47,SAN NICOLAS DE LOS GARZA,1805,1428,1304° lugar,MICROSECCION
19,NUEVO LEON,4,9,47,SAN NICOLAS DE LOS GARZA,1925,1428,1305° lugar,MICROSECCION
19,NUEVO LEON,4,9,47,SAN NICOLAS DE LOS GARZA,1988,1428,1306° lugar,MICROSECCION
19,NUEVO LEON,9,26,39,MONTEMORELOS,950,1427,1307° lugar,MICROSECCION
19,NUEVO LEON,4,9,47,SAN NICOLAS DE LOS GARZA,1985,1427,1308° lugar,MICROSECCION
19,NUEVO LEON,10,8,40,MONTERREY,1333,1425,1309° lugar,MICROSECCION
19,NUEVO LEON,8,7,6,APODACA,2955,1425,1310° lugar,MICROSECCION
19,NUEVO LEON,3,17,21,GRAL. ESCOBEDO,2985,1425,1311° lugar,MICROSECCION
19,NUEVO LEON,6,2,40,MONTERREY,1511,1424,1312° lugar,MICROSECCION
19,NUEVO LEON,8,14,26,GUADALUPE,3208,1424,1313° lugar,MICROSECCION
19,NUEVO LEON,11,15,26,GUADALUPE,629,1423,1314° lugar,MICROSECCION
19,NUEVO LEON,14,11,42,PESQUERIA,3272,1423,1315° lugar,MICROSECCION
19,NUEVO LEON,10,8,40,MONTERREY,3014,1421,1316° lugar,MICROSECCION
19,NUEVO LEON,14,26,9,CADEREYTA JIMENEZ,196,1420,1317° lugar,MICROSECCION
19,NUEVO LEON,5,2,40,MONTERREY,1496,1419,1318° lugar,MICROSECCION
19,NUEVO LEON,8,7,6,APODACA,3198,1418,1319° lugar,MICROSECCION
19,NUEVO LEON,11,15,26,GUADALUPE,655,1417,1320° lugar,MICROSECCION
19,NUEVO LEON,4,10,47,SAN NICOLAS DE LOS GARZA,1792,1416,1321° lugar,MICROSECCION
19,NUEVO LEON,4,9,47,SAN NICOLAS DE LOS GARZA,1924,1416,1322° lugar,MICROSECCION
19,NUEVO LEON,1,19,48,SANTA CATARINA,2074,1416,1323° lugar,MICROSECCION
19,NUEVO LEON,2,16,6,APODACA,2416,1416,1324° lugar,MICROSECCION
19,NUEVO LEON,12,23,32,JUAREZ,2673,1416,1325° lugar,MICROSECCION
19,NUEVO LEON,11,15,26,GUADALUPE,653,1414,1326° lugar,MICROSECCION
19,NUEVO LEON,6,2,40,MONTERREY,989,1414,1327° lugar,MICROSECCION
19,NUEVO LEON,4,10,47,SAN NICOLAS DE LOS GARZA,1762,1414,1328° lugar,MICROSECCION
19,NUEVO LEON,4,10,47,SAN NICOLAS DE LOS GARZA,1847,1414,1329° lugar,MICROSECCION
19,NUEVO LEON,13,4,8,BUSTAMANTE,171,1413,1330° lugar,MICROSECCION
19,NUEVO LEON,9,11,22,GRAL. TERAN,494,1413,1331° lugar,MICROSECCION
19,NUEVO LEON,4,10,47,SAN NICOLAS DE LOS GARZA,1814,1413,1332° lugar,MICROSECCION
19,NUEVO LEON,2,16,6,APODACA,2178,1413,1333° lugar,MICROSECCION
19,NUEVO LEON,4,10,47,SAN NICOLAS DE LOS GARZA,1816,1412,1334° lugar,MICROSECCION
19,NUEVO LEON,8,7,6,APODACA,2240,1412,1335° lugar,MICROSECCION
19,NUEVO LEON,14,11,42,PESQUERIA,3033,1412,1336° lugar,MICROSECCION
19,NUEVO LEON,11,13,26,GUADALUPE,717,1410,1337° lugar,MICROSECCION
19,NUEVO LEON,2,5,6,APODACA,2456,1410,1338° lugar,MICROSECCION
19,NUEVO LEON,13,4,10,CARMEN,3074,1410,1339° lugar,MICROSECCION
19,NUEVO LEON,8,7,6,APODACA,139,1409,1340° lugar,MICROSECCION
19,NUEVO LEON,1,19,48,SANTA CATARINA,2036,1409,1341° lugar,MICROSECCION
19,NUEVO LEON,11,15,26,GUADALUPE,538,1407,1342° lugar,MICROSECCION
19,NUEVO LEON,1,18,19,SAN PEDRO GARZA GARCIA,378,1406,1343° lugar,MICROSECCION
19,NUEVO LEON,11,14,26,GUADALUPE,692,1406,1344° lugar,MICROSECCION
19,NUEVO LEON,7,20,18,GARCIA,2583,1406,1345° lugar,MICROSECCION
19,NUEVO LEON,2,5,6,APODACA,2455,1404,1346° lugar,MICROSECCION
19,NUEVO LEON,14,26,9,CADEREYTA JIMENEZ,181,1403,1347° lugar,MICROSECCION
19,NUEVO LEON,11,15,26,GUADALUPE,683,1403,1348° lugar,MICROSECCION
19,NUEVO LEON,1,18,19,SAN PEDRO GARZA GARCIA,384,1402,1349° lugar,MICROSECCION
19,NUEVO LEON,14,11,20,GRAL. BRAVO,422,1402,1350° lugar,MICROSECCION
19,NUEVO LEON,8,14,26,GUADALUPE,615,1400,1351° lugar,MICROSECCION
19,NUEVO LEON,11,15,26,GUADALUPE,721,1400,1352° lugar,MICROSECCION
19,NUEVO LEON,6,3,40,MONTERREY,1572,1400,1353° lugar,MICROSECCION
19,NUEVO LEON,9,24,49,SANTIAGO,2092,1400,1354° lugar,MICROSECCION
19,NUEVO LEON,2,5,6,APODACA,2480,1400,1355° lugar,MICROSECCION
19,NUEVO LEON,3,17,21,GRAL. ESCOBEDO,2933,1400,1356° lugar,MICROSECCION
19,NUEVO LEON,5,2,40,MONTERREY,1554,1399,1357° lugar,MICROSECCION
19,NUEVO LEON,6,3,40,MONTERREY,1530,1396,1358° lugar,MICROSECCION
19,NUEVO LEON,4,10,47,SAN NICOLAS DE LOS GARZA,1827,1396,1359° lugar,MICROSECCION
19,NUEVO LEON,4,9,47,SAN NICOLAS DE LOS GARZA,1892,1395,1360° lugar,MICROSECCION
19,NUEVO LEON,9,24,49,SANTIAGO,2093,1395,1361° lugar,MICROSECCION
19,NUEVO LEON,13,21,12,CIENEGA DE FLORES,2849,1395,1362° lugar,MICROSECCION
19,NUEVO LEON,10,8,40,MONTERREY,1365,1393,1363° lugar,MICROSECCION
19,NUEVO LEON,5,1,40,MONTERREY,1466,1392,1364° lugar,MICROSECCION
19,NUEVO LEON,1,18,19,SAN PEDRO GARZA GARCIA,385,1391,1365° lugar,MICROSECCION
19,NUEVO LEON,11,15,26,GUADALUPE,578,1391,1366° lugar,MICROSECCION
19,NUEVO LEON,11,15,26,GUADALUPE,554,1390,1367° lugar,MICROSECCION
19,NUEVO LEON,14,11,42,PESQUERIA,3039,1390,1368° lugar,MICROSECCION
19,NUEVO LEON,2,16,6,APODACA,90,1388,1369° lugar,MICROSECCION
19,NUEVO LEON,8,7,6,APODACA,143,1388,1370° lugar,MICROSECCION
19,NUEVO LEON,1,18,19,SAN PEDRO GARZA GARCIA,398,1388,1371° lugar,MICROSECCION
19,NUEVO LEON,11,15,26,GUADALUPE,630,1388,1372° lugar,MICROSECCION
19,NUEVO LEON,11,15,26,GUADALUPE,654,1386,1373° lugar,MICROSECCION
19,NUEVO LEON,11,13,26,GUADALUPE,736,1386,1374° lugar,MICROSECCION
19,NUEVO LEON,4,9,47,SAN NICOLAS DE LOS GARZA,1980,1386,1375° lugar,MICROSECCION
19,NUEVO LEON,14,11,42,PESQUERIA,2885,1385,1376° lugar,MICROSECCION
19,NUEVO LEON,4,9,47,SAN NICOLAS DE LOS GARZA,2947,1384,1377° lugar,MICROSECCION
19,NUEVO LEON,2,16,6,APODACA,103,1383,1378° lugar,MICROSECCION
19,NUEVO LEON,11,14,26,GUADALUPE,691,1383,1379° lugar,MICROSECCION
19,NUEVO LEON,4,10,47,SAN NICOLAS DE LOS GARZA,1766,1383,1380° lugar,MICROSECCION
19,NUEVO LEON,14,11,42,PESQUERIA,3043,1383,1381° lugar,MICROSECCION
19,NUEVO LEON,1,18,48,SANTA CATARINA,3123,1383,1382° lugar,MICROSECCION
19,NUEVO LEON,10,8,40,MONTERREY,1389,1382,1383° lugar,MICROSECCION
19,NUEVO LEON,4,10,47,SAN NICOLAS DE LOS GARZA,1884,1380,1384° lugar,MICROSECCION
19,NUEVO LEON,12,23,32,JUAREZ,3224,1380,1385° lugar,MICROSECCION
19,NUEVO LEON,4,10,47,SAN NICOLAS DE LOS GARZA,1772,1375,1386° lugar,MICROSECCION
19,NUEVO LEON,8,14,26,GUADALUPE,2705,1375,1387° lugar,MICROSECCION
19,NUEVO LEON,1,19,48,SANTA CATARINA,2795,1375,1388° lugar,MICROSECCION
19,NUEVO LEON,4,9,47,SAN NICOLAS DE LOS GARZA,1953,1374,1389° lugar,MICROSECCION
19,NUEVO LEON,4,9,47,SAN NICOLAS DE LOS GARZA,1972,1374,1390° lugar,MICROSECCION
19,NUEVO LEON,1,18,48,SANTA CATARINA,2061,1372,1391° lugar,MICROSECCION
19,NUEVO LEON,6,3,40,MONTERREY,1014,1370,1392° lugar,MICROSECCION
19,NUEVO LEON,10,6,40,MONTERREY,1310,1370,1393° lugar,MICROSECCION
19,NUEVO LEON,10,8,40,MONTERREY,1346,1370,1394° lugar,MICROSECCION
19,NUEVO LEON,6,2,40,MONTERREY,1540,1370,1395° lugar,MICROSECCION
19,NUEVO LEON,3,25,21,GRAL. ESCOBEDO,2519,1370,1396° lugar,MICROSECCION
19,NUEVO LEON,13,21,45,SABINAS HIDALGO,1733,1369,1397° lugar,MICROSECCION
19,NUEVO LEON,6,6,40,MONTERREY,1125,1368,1398° lugar,MICROSECCION
19,NUEVO LEON,11,15,26,GUADALUPE,549,1367,1399° lugar,MICROSECCION
19,NUEVO LEON,4,10,47,SAN NICOLAS DE LOS GARZA,1784,1367,1400° lugar,MICROSECCION
19,NUEVO LEON,8,14,26,GUADALUPE,2699,1367,1401° lugar,MICROSECCION
19,NUEVO LEON,13,4,10,CARMEN,3068,1367,1402° lugar,MICROSECCION
19,NUEVO LEON,14,21,25,GRAL. ZUAZUA,523,1366,1403° lugar,MICROSECCION
19,NUEVO LEON,4,10,47,SAN NICOLAS DE LOS GARZA,1832,1366,1404° lugar,MICROSECCION
19,NUEVO LEON,4,9,47,SAN NICOLAS DE LOS GARZA,1927,1366,1405° lugar,MICROSECCION
19,NUEVO LEON,3,25,21,GRAL. ESCOBEDO,2162,1366,1406° lugar,MICROSECCION
19,NUEVO LEON,8,7,6,APODACA,136,1364,1407° lugar,MICROSECCION
19,NUEVO LEON,14,11,35,MARIN,908,1364,1408° lugar,MICROSECCION
19,NUEVO LEON,11,15,26,GUADALUPE,641,1363,1409° lugar,MICROSECCION
19,NUEVO LEON,11,15,26,GUADALUPE,642,1363,1410° lugar,MICROSECCION
19,NUEVO LEON,4,9,47,SAN NICOLAS DE LOS GARZA,1921,1363,1411° lugar,MICROSECCION
19,NUEVO LEON,11,13,26,GUADALUPE,758,1362,1412° lugar,MICROSECCION
19,NUEVO LEON,12,23,32,JUAREZ,2350,1362,1413° lugar,MICROSECCION
19,NUEVO LEON,13,21,5,ANAHUAC,40,1361,1414° lugar,MICROSECCION
19,NUEVO LEON,1,19,48,SANTA CATARINA,2970,1361,1415° lugar,MICROSECCION
19,NUEVO LEON,4,10,47,SAN NICOLAS DE LOS GARZA,1765,1359,1416° lugar,MICROSECCION
19,NUEVO LEON,2,16,6,APODACA,93,1358,1417° lugar,MICROSECCION
19,NUEVO LEON,1,19,48,SANTA CATARINA,2078,1358,1418° lugar,MICROSECCION
19,NUEVO LEON,14,11,42,PESQUERIA,3037,1358,1419° lugar,MICROSECCION
19,NUEVO LEON,1,18,19,SAN PEDRO GARZA GARCIA,397,1357,1420° lugar,MICROSECCION
19,NUEVO LEON,6,6,40,MONTERREY,1064,1355,1421° lugar,MICROSECCION
19,NUEVO LEON,4,9,47,SAN NICOLAS DE LOS GARZA,1979,1354,1422° lugar,MICROSECCION
19,NUEVO LEON,2,16,6,APODACA,98,1353,1423° lugar,MICROSECCION
19,NUEVO LEON,12,23,32,JUAREZ,2335,1352,1424° lugar,MICROSECCION
19,NUEVO LEON,10,6,40,MONTERREY,1312,1351,1425° lugar,MICROSECCION
19,NUEVO LEON,12,23,32,JUAREZ,2670,1351,1426° lugar,MICROSECCION
19,NUEVO LEON,13,21,12,CIENEGA DE FLORES,2848,1351,1427° lugar,MICROSECCION
19,NUEVO LEON,13,21,12,CIENEGA DE FLORES,2850,1351,1428° lugar,MICROSECCION
19,NUEVO LEON,10,6,40,MONTERREY,1292,1350,1429° lugar,MICROSECCION
19,NUEVO LEON,7,20,18,GARCIA,3184,1350,1430° lugar,MICROSECCION
19,NUEVO LEON,14,21,25,GRAL. ZUAZUA,3250,1350,1431° lugar,MICROSECCION
19,NUEVO LEON,9,11,22,GRAL. TERAN,497,1349,1432° lugar,MICROSECCION
19,NUEVO LEON,4,10,47,SAN NICOLAS DE LOS GARZA,1820,1349,1433° lugar,MICROSECCION
19,NUEVO LEON,5,6,40,MONTERREY,1628,1348,1434° lugar,MICROSECCION
19,NUEVO LEON,1,19,48,SANTA CATARINA,2029,1348,1435° lugar,MICROSECCION
19,NUEVO LEON,2,5,6,APODACA,112,1347,1436° lugar,MICROSECCION
19,NUEVO LEON,8,7,6,APODACA,2236,1347,1437° lugar,MICROSECCION
19,NUEVO LEON,2,7,6,APODACA,127,1345,1438° lugar,MICROSECCION
19,NUEVO LEON,11,15,26,GUADALUPE,556,1345,1439° lugar,MICROSECCION
19,NUEVO LEON,4,9,47,SAN NICOLAS DE LOS GARZA,1967,1345,1440° lugar,MICROSECCION
19,NUEVO LEON,1,19,48,SANTA CATARINA,2056,1344,1441° lugar,MICROSECCION
19,NUEVO LEON,2,16,6,APODACA,3127,1344,1442° lugar,MICROSECCION
19,NUEVO LEON,6,3,40,MONTERREY,1041,1343,1443° lugar,MICROSECCION
19,NUEVO LEON,4,9,47,SAN NICOLAS DE LOS GARZA,1858,1343,1444° lugar,MICROSECCION
19,NUEVO LEON,4,9,47,SAN NICOLAS DE LOS GARZA,1946,1343,1445° lugar,MICROSECCION
19,NUEVO LEON,4,9,47,SAN NICOLAS DE LOS GARZA,1968,1343,1446° lugar,MICROSECCION
19,NUEVO LEON,1,19,48,SANTA CATARINA,2044,1343,1447° lugar,MICROSECCION
19,NUEVO LEON,3,25,21,GRAL. ESCOBEDO,2946,1343,1448° lugar,MICROSECCION
19,NUEVO LEON,5,2,40,MONTERREY,1556,1342,1449° lugar,MICROSECCION
19,NUEVO LEON,4,9,47,SAN NICOLAS DE LOS GARZA,1889,1342,1450° lugar,MICROSECCION
19,NUEVO LEON,4,25,21,GRAL. ESCOBEDO,2543,1342,1451° lugar,MICROSECCION
19,NUEVO LEON,14,11,42,PESQUERIA,3040,1342,1452° lugar,MICROSECCION
19,NUEVO LEON,8,14,26,GUADALUPE,614,1341,1453° lugar,MICROSECCION
19,NUEVO LEON,6,3,40,MONTERREY,1580,1341,1454° lugar,MICROSECCION
19,NUEVO LEON,8,7,6,APODACA,2239,1341,1455° lugar,MICROSECCION
19,NUEVO LEON,7,12,18,GARCIA,2281,1341,1456° lugar,MICROSECCION
19,NUEVO LEON,14,26,9,CADEREYTA JIMENEZ,2741,1340,1457° lugar,MICROSECCION
19,NUEVO LEON,10,6,40,MONTERREY,1316,1339,1458° lugar,MICROSECCION
19,NUEVO LEON,2,16,6,APODACA,74,1337,1459° lugar,MICROSECCION
19,NUEVO LEON,11,15,26,GUADALUPE,585,1337,1460° lugar,MICROSECCION
19,NUEVO LEON,9,26,39,MONTEMORELOS,940,1337,1461° lugar,MICROSECCION
19,NUEVO LEON,11,13,26,GUADALUPE,719,1336,1462° lugar,MICROSECCION
19,NUEVO LEON,6,6,40,MONTERREY,995,1336,1463° lugar,MICROSECCION
19,NUEVO LEON,12,22,32,JUAREZ,3234,1335,1464° lugar,MICROSECCION
19,NUEVO LEON,2,5,6,APODACA,2467,1334,1465° lugar,MICROSECCION
19,NUEVO LEON,8,14,26,GUADALUPE,3207,1334,1466° lugar,MICROSECCION
19,NUEVO LEON,9,24,14,DR. ARROYO,261,1333,1467° lugar,MICROSECCION
19,NUEVO LEON,8,13,26,GUADALUPE,711,1333,1468° lugar,MICROSECCION
19,NUEVO LEON,4,10,47,SAN NICOLAS DE LOS GARZA,1883,1333,1469° lugar,MICROSECCION
19,NUEVO LEON,1,19,48,SANTA CATARINA,2030,1333,1470° lugar,MICROSECCION
19,NUEVO LEON,1,19,48,SANTA CATARINA,2969,1333,1471° lugar,MICROSECCION
19,NUEVO LEON,10,6,40,MONTERREY,1235,1332,1472° lugar,MICROSECCION
19,NUEVO LEON,7,12,18,GARCIA,2301,1332,1473° lugar,MICROSECCION
19,NUEVO LEON,11,15,26,GUADALUPE,636,1331,1474° lugar,MICROSECCION
19,NUEVO LEON,4,9,47,SAN NICOLAS DE LOS GARZA,1945,1331,1475° lugar,MICROSECCION
19,NUEVO LEON,10,6,40,MONTERREY,1659,1330,1476° lugar,MICROSECCION
19,NUEVO LEON,4,10,47,SAN NICOLAS DE LOS GARZA,1833,1329,1477° lugar,MICROSECCION
19,NUEVO LEON,8,7,6,APODACA,2266,1329,1478° lugar,MICROSECCION
19,NUEVO LEON,2,5,6,APODACA,2509,1329,1479° lugar,MICROSECCION
19,NUEVO LEON,1,18,19,SAN PEDRO GARZA GARCIA,406,1327,1480° lugar,MICROSECCION
19,NUEVO LEON,8,14,26,GUADALUPE,610,1326,1481° lugar,MICROSECCION
19,NUEVO LEON,12,22,32,JUAREZ,3240,1326,1482° lugar,MICROSECCION
19,NUEVO LEON,2,5,6,APODACA,2481,1325,1483° lugar,MICROSECCION
19,NUEVO LEON,2,16,6,APODACA,76,1324,1484° lugar,MICROSECCION
19,NUEVO LEON,6,3,40,MONTERREY,1043,1324,1485° lugar,MICROSECCION
19,NUEVO LEON,2,5,6,APODACA,2468,1324,1486° lugar,MICROSECCION
19,NUEVO LEON,5,2,40,MONTERREY,980,1323,1487° lugar,MICROSECCION
19,NUEVO LEON,6,3,40,MONTERREY,1568,1323,1488° lugar,MICROSECCION
19,NUEVO LEON,4,10,47,SAN NICOLAS DE LOS GARZA,1863,1323,1489° lugar,MICROSECCION
19,NUEVO LEON,14,21,25,GRAL. ZUAZUA,2629,1323,1490° lugar,MICROSECCION
19,NUEVO LEON,8,14,26,GUADALUPE,2965,1323,1491° lugar,MICROSECCION
19,NUEVO LEON,2,16,6,APODACA,2179,1322,1492° lugar,MICROSECCION
19,NUEVO LEON,7,20,18,GARCIA,2596,1322,1493° lugar,MICROSECCION
19,NUEVO LEON,6,3,40,MONTERREY,1529,1321,1494° lugar,MICROSECCION
19,NUEVO LEON,11,13,26,GUADALUPE,3216,1321,1495° lugar,MICROSECCION
19,NUEVO LEON,10,8,40,MONTERREY,1402,1319,1496° lugar,MICROSECCION
19,NUEVO LEON,8,7,6,APODACA,2270,1318,1497° lugar,MICROSECCION
19,NUEVO LEON,12,22,32,JUAREZ,2356,1318,1498° lugar,MICROSECCION
19,NUEVO LEON,6,3,40,MONTERREY,1579,1317,1499° lugar,MICROSECCION
19,NUEVO LEON,14,11,11,CERRALVO,222,1316,1500° lugar,MICROSECCION
19,NUEVO LEON,4,9,47,SAN NICOLAS DE LOS GARZA,1960,1315,1501° lugar,MICROSECCION
19,NUEVO LEON,7,12,18,GARCIA,2277,1315,1502° lugar,MICROSECCION
19,NUEVO LEON,7,12,18,GARCIA,349,1314,1503° lugar,MICROSECCION
19,NUEVO LEON,14,11,42,PESQUERIA,3035,1314,1504° lugar,MICROSECCION
19,NUEVO LEON,10,8,40,MONTERREY,1390,1313,1505° lugar,MICROSECCION
19,NUEVO LEON,14,11,11,CERRALVO,226,1311,1506° lugar,MICROSECCION
19,NUEVO LEON,3,17,21,GRAL. ESCOBEDO,451,1311,1507° lugar,MICROSECCION
19,NUEVO LEON,8,7,6,APODACA,137,1310,1508° lugar,MICROSECCION
19,NUEVO LEON,1,18,19,SAN PEDRO GARZA GARCIA,414,1310,1509° lugar,MICROSECCION
19,NUEVO LEON,2,5,6,APODACA,2973,1310,1510° lugar,MICROSECCION
19,NUEVO LEON,4,10,47,SAN NICOLAS DE LOS GARZA,1779,1309,1511° lugar,MICROSECCION
19,NUEVO LEON,8,14,26,GUADALUPE,2698,1307,1512° lugar,MICROSECCION
19,NUEVO LEON,1,18,19,SAN PEDRO GARZA GARCIA,407,1306,1513° lugar,MICROSECCION
19,NUEVO LEON,10,6,40,MONTERREY,1315,1306,1514° lugar,MICROSECCION
19,NUEVO LEON,11,15,26,GUADALUPE,539,1304,1515° lugar,MICROSECCION
19,NUEVO LEON,13,21,45,SABINAS HIDALGO,2414,1304,1516° lugar,MICROSECCION
19,NUEVO LEON,10,8,40,MONTERREY,1374,1302,1517° lugar,MICROSECCION
19,NUEVO LEON,11,13,26,GUADALUPE,752,1301,1518° lugar,MICROSECCION
19,NUEVO LEON,4,10,47,SAN NICOLAS DE LOS GARZA,1774,1301,1519° lugar,MICROSECCION
19,NUEVO LEON,8,5,6,APODACA,134,1300,1520° lugar,MICROSECCION
19,NUEVO LEON,14,26,9,CADEREYTA JIMENEZ,177,1300,1521° lugar,MICROSECCION
19,NUEVO LEON,2,16,6,APODACA,2189,1300,1522° lugar,MICROSECCION
19,NUEVO LEON,7,12,18,GARCIA,2842,1299,1523° lugar,MICROSECCION
19,NUEVO LEON,2,16,6,APODACA,97,1296,1524° lugar,MICROSECCION
19,NUEVO LEON,11,15,26,GUADALUPE,725,1295,1525° lugar,MICROSECCION
19,NUEVO LEON,4,9,47,SAN NICOLAS DE LOS GARZA,1895,1293,1526° lugar,MICROSECCION
19,NUEVO LEON,14,11,42,PESQUERIA,3027,1293,1527° lugar,MICROSECCION
19,NUEVO LEON,14,26,9,CADEREYTA JIMENEZ,179,1292,1528° lugar,MICROSECCION
19,NUEVO LEON,12,23,32,JUAREZ,2687,1292,1529° lugar,MICROSECCION
19,NUEVO LEON,11,13,26,GUADALUPE,745,1289,1530° lugar,MICROSECCION
19,NUEVO LEON,5,2,40,MONTERREY,1516,1289,1531° lugar,MICROSECCION
19,NUEVO LEON,8,14,26,GUADALUPE,612,1288,1532° lugar,MICROSECCION
19,NUEVO LEON,8,7,6,APODACA,2243,1288,1533° lugar,MICROSECCION
19,NUEVO LEON,2,16,6,APODACA,2425,1288,1534° lugar,MICROSECCION
19,NUEVO LEON,10,8,40,MONTERREY,1335,1287,1535° lugar,MICROSECCION
19,NUEVO LEON,2,16,6,APODACA,2190,1287,1536° lugar,MICROSECCION
19,NUEVO LEON,14,11,42,PESQUERIA,3029,1287,1537° lugar,MICROSECCION
19,NUEVO LEON,8,7,6,APODACA,138,1285,1538° lugar,MICROSECCION
19,NUEVO LEON,6,3,40,MONTERREY,1536,1285,1539° lugar,MICROSECCION
19,NUEVO LEON,4,10,47,SAN NICOLAS DE LOS GARZA,1819,1283,1540° lugar,MICROSECCION
19,NUEVO LEON,1,19,48,SANTA CATARINA,2076,1283,1541° lugar,MICROSECCION
19,NUEVO LEON,8,14,26,GUADALUPE,2701,1282,1542° lugar,MICROSECCION
19,NUEVO LEON,11,13,26,GUADALUPE,768,1281,1543° lugar,MICROSECCION
19,NUEVO LEON,5,2,40,MONTERREY,1559,1281,1544° lugar,MICROSECCION
19,NUEVO LEON,14,11,42,PESQUERIA,3038,1280,1545° lugar,MICROSECCION
19,NUEVO LEON,11,15,26,GUADALUPE,635,1279,1546° lugar,MICROSECCION
19,NUEVO LEON,8,7,6,APODACA,2250,1279,1547° lugar,MICROSECCION
19,NUEVO LEON,8,7,6,APODACA,2258,1279,1548° lugar,MICROSECCION
19,NUEVO LEON,11,13,26,GUADALUPE,715,1278,1549° lugar,MICROSECCION
19,NUEVO LEON,1,19,48,SANTA CATARINA,2021,1278,1550° lugar,MICROSECCION
19,NUEVO LEON,7,12,18,GARCIA,3102,1278,1551° lugar,MICROSECCION
19,NUEVO LEON,7,12,18,GARCIA,2831,1276,1552° lugar,MICROSECCION
19,NUEVO LEON,11,13,26,GUADALUPE,3211,1276,1553° lugar,MICROSECCION
19,NUEVO LEON,11,15,26,GUADALUPE,639,1275,1554° lugar,MICROSECCION
19,NUEVO LEON,4,9,47,SAN NICOLAS DE LOS GARZA,1932,1275,1555° lugar,MICROSECCION
19,NUEVO LEON,10,8,40,MONTERREY,3020,1275,1556° lugar,MICROSECCION
19,NUEVO LEON,5,2,40,MONTERREY,984,1274,1557° lugar,MICROSECCION
19,NUEVO LEON,10,6,40,MONTERREY,1642,1274,1558° lugar,MICROSECCION
19,NUEVO LEON,1,18,19,SAN PEDRO GARZA GARCIA,377,1273,1559° lugar,MICROSECCION
19,NUEVO LEON,3,17,21,GRAL. ESCOBEDO,479,1273,1560° lugar,MICROSECCION
19,NUEVO LEON,11,15,26,GUADALUPE,599,1272,1561° lugar,MICROSECCION
19,NUEVO LEON,6,3,40,MONTERREY,1537,1272,1562° lugar,MICROSECCION
19,NUEVO LEON,14,21,25,GRAL. ZUAZUA,2621,1272,1563° lugar,MICROSECCION
19,NUEVO LEON,11,13,26,GUADALUPE,747,1271,1564° lugar,MICROSECCION
19,NUEVO LEON,6,2,40,MONTERREY,988,1271,1565° lugar,MICROSECCION
19,NUEVO LEON,10,6,40,MONTERREY,1314,1271,1566° lugar,MICROSECCION
19,NUEVO LEON,2,16,6,APODACA,2424,1271,1567° lugar,MICROSECCION
19,NUEVO LEON,3,17,21,GRAL. ESCOBEDO,463,1270,1568° lugar,MICROSECCION
19,NUEVO LEON,11,14,26,GUADALUPE,688,1270,1569° lugar,MICROSECCION
19,NUEVO LEON,6,3,40,MONTERREY,1042,1270,1570° lugar,MICROSECCION
19,NUEVO LEON,6,3,40,MONTERREY,1569,1270,1571° lugar,MICROSECCION
19,NUEVO LEON,10,8,40,MONTERREY,1392,1269,1572° lugar,MICROSECCION
19,NUEVO LEON,5,1,40,MONTERREY,3059,1269,1573° lugar,MICROSECCION
19,NUEVO LEON,6,2,40,MONTERREY,1566,1267,1574° lugar,MICROSECCION
19,NUEVO LEON,8,7,6,APODACA,2225,1267,1575° lugar,MICROSECCION
19,NUEVO LEON,8,7,6,APODACA,2251,1267,1576° lugar,MICROSECCION
19,NUEVO LEON,2,7,6,APODACA,2926,1267,1577° lugar,MICROSECCION
19,NUEVO LEON,6,2,40,MONTERREY,1582,1265,1578° lugar,MICROSECCION
19,NUEVO LEON,4,9,47,SAN NICOLAS DE LOS GARZA,1935,1263,1579° lugar,MICROSECCION
19,NUEVO LEON,2,16,6,APODACA,2428,1262,1580° lugar,MICROSECCION
19,NUEVO LEON,2,7,6,APODACA,126,1261,1581° lugar,MICROSECCION
19,NUEVO LEON,6,3,40,MONTERREY,1015,1255,1582° lugar,MICROSECCION
19,NUEVO LEON,4,10,47,SAN NICOLAS DE LOS GARZA,1851,1255,1583° lugar,MICROSECCION
19,NUEVO LEON,13,4,46,SALINAS VICTORIA,2777,1255,1584° lugar,MICROSECCION
19,NUEVO LEON,6,3,40,MONTERREY,1597,1254,1585° lugar,MICROSECCION
19,NUEVO LEON,3,17,21,GRAL. ESCOBEDO,3158,1253,1586° lugar,MICROSECCION
19,NUEVO LEON,1,19,48,SANTA CATARINA,2054,1248,1587° lugar,MICROSECCION
19,NUEVO LEON,14,11,16,DR. GONZALEZ,305,1246,1588° lugar,MICROSECCION
19,NUEVO LEON,3,17,21,GRAL. ESCOBEDO,461,1245,1589° lugar,MICROSECCION
19,NUEVO LEON,13,4,38,MINA,2408,1245,1590° lugar,MICROSECCION
19,NUEVO LEON,6,6,40,MONTERREY,1127,1243,1591° lugar,MICROSECCION
19,NUEVO LEON,11,15,26,GUADALUPE,533,1242,1592° lugar,MICROSECCION
19,NUEVO LEON,6,2,40,MONTERREY,1583,1242,1593° lugar,MICROSECCION
19,NUEVO LEON,2,16,6,APODACA,2170,1241,1594° lugar,MICROSECCION
19,NUEVO LEON,11,13,26,GUADALUPE,772,1240,1595° lugar,MICROSECCION
19,NUEVO LEON,6,6,40,MONTERREY,1059,1239,1596° lugar,MICROSECCION
19,NUEVO LEON,5,2,40,MONTERREY,983,1238,1597° lugar,MICROSECCION
19,NUEVO LEON,5,1,40,MONTERREY,3163,1238,1598° lugar,MICROSECCION
19,NUEVO LEON,5,2,40,MONTERREY,978,1235,1599° lugar,MICROSECCION
19,NUEVO LEON,12,23,32,JUAREZ,2870,1235,1600° lugar,MICROSECCION
19,NUEVO LEON,11,13,26,GUADALUPE,748,1234,1601° lugar,MICROSECCION
19,NUEVO LEON,10,8,40,MONTERREY,1373,1234,1602° lugar,MICROSECCION
19,NUEVO LEON,6,3,40,MONTERREY,1538,1234,1603° lugar,MICROSECCION
19,NUEVO LEON,4,10,47,SAN NICOLAS DE LOS GARZA,1842,1233,1604° lugar,MICROSECCION
19,NUEVO LEON,8,7,6,APODACA,2264,1233,1605° lugar,MICROSECCION
19,NUEVO LEON,2,7,6,APODACA,128,1232,1606° lugar,MICROSECCION
19,NUEVO LEON,4,9,47,SAN NICOLAS DE LOS GARZA,1936,1232,1607° lugar,MICROSECCION
19,NUEVO LEON,2,16,6,APODACA,2420,1232,1608° lugar,MICROSECCION
19,NUEVO LEON,9,24,34,LINARES,876,1231,1609° lugar,MICROSECCION
19,NUEVO LEON,13,21,45,SABINAS HIDALGO,1745,1231,1610° lugar,MICROSECCION
19,NUEVO LEON,12,22,32,JUAREZ,2374,1231,1611° lugar,MICROSECCION
19,NUEVO LEON,9,24,14,DR. ARROYO,260,1229,1612° lugar,MICROSECCION
19,NUEVO LEON,11,13,26,GUADALUPE,778,1229,1613° lugar,MICROSECCION
19,NUEVO LEON,12,22,32,JUAREZ,2357,1228,1614° lugar,MICROSECCION
19,NUEVO LEON,8,13,26,GUADALUPE,710,1227,1615° lugar,MICROSECCION
19,NUEVO LEON,8,7,6,APODACA,2245,1225,1616° lugar,MICROSECCION
19,NUEVO LEON,12,23,32,JUAREZ,3113,1224,1617° lugar,MICROSECCION
19,NUEVO LEON,8,7,6,APODACA,2201,1223,1618° lugar,MICROSECCION
19,NUEVO LEON,6,3,40,MONTERREY,1084,1222,1619° lugar,MICROSECCION
19,NUEVO LEON,1,19,48,SANTA CATARINA,2798,1222,1620° lugar,MICROSECCION
19,NUEVO LEON,9,24,17,GALEANA,310,1221,1621° lugar,MICROSECCION
19,NUEVO LEON,2,5,6,APODACA,2505,1221,1622° lugar,MICROSECCION
19,NUEVO LEON,2,16,6,APODACA,2423,1220,1623° lugar,MICROSECCION
19,NUEVO LEON,5,2,40,MONTERREY,982,1219,1624° lugar,MICROSECCION
19,NUEVO LEON,12,23,32,JUAREZ,2689,1219,1625° lugar,MICROSECCION
19,NUEVO LEON,5,1,40,MONTERREY,1445,1218,1626° lugar,MICROSECCION
19,NUEVO LEON,12,22,32,JUAREZ,2396,1218,1627° lugar,MICROSECCION
19,NUEVO LEON,12,22,32,JUAREZ,2400,1218,1628° lugar,MICROSECCION
19,NUEVO LEON,4,10,47,SAN NICOLAS DE LOS GARZA,1807,1217,1629° lugar,MICROSECCION
19,NUEVO LEON,1,19,48,SANTA CATARINA,2067,1217,1630° lugar,MICROSECCION
19,NUEVO LEON,11,13,26,GUADALUPE,757,1216,1631° lugar,MICROSECCION
19,NUEVO LEON,9,24,34,LINARES,889,1216,1632° lugar,MICROSECCION
19,NUEVO LEON,2,16,6,APODACA,2191,1215,1633° lugar,MICROSECCION
19,NUEVO LEON,8,7,6,APODACA,3196,1215,1634° lugar,MICROSECCION
19,NUEVO LEON,8,14,26,GUADALUPE,609,1214,1635° lugar,MICROSECCION
19,NUEVO LEON,12,23,32,JUAREZ,2322,1214,1636° lugar,MICROSECCION
19,NUEVO LEON,1,18,48,SANTA CATARINA,2059,1213,1637° lugar,MICROSECCION
19,NUEVO LEON,14,21,25,GRAL. ZUAZUA,2623,1213,1638° lugar,MICROSECCION
19,NUEVO LEON,7,20,18,GARCIA,3178,1213,1639° lugar,MICROSECCION
19,NUEVO LEON,11,15,26,GUADALUPE,592,1212,1640° lugar,MICROSECCION
19,NUEVO LEON,12,22,32,JUAREZ,2401,1212,1641° lugar,MICROSECCION
19,NUEVO LEON,2,5,6,APODACA,2499,1212,1642° lugar,MICROSECCION
19,NUEVO LEON,3,17,21,GRAL. ESCOBEDO,475,1211,1643° lugar,MICROSECCION
19,NUEVO LEON,4,10,47,SAN NICOLAS DE LOS GARZA,1773,1209,1644° lugar,MICROSECCION
19,NUEVO LEON,1,19,48,SANTA CATARINA,2055,1209,1645° lugar,MICROSECCION
19,NUEVO LEON,14,11,42,PESQUERIA,3034,1208,1646° lugar,MICROSECCION
19,NUEVO LEON,11,13,26,GUADALUPE,756,1206,1647° lugar,MICROSECCION
19,NUEVO LEON,3,25,21,GRAL. ESCOBEDO,2137,1205,1648° lugar,MICROSECCION
19,NUEVO LEON,14,21,25,GRAL. ZUAZUA,2634,1204,1649° lugar,MICROSECCION
19,NUEVO LEON,6,3,40,MONTERREY,1567,1203,1650° lugar,MICROSECCION
19,NUEVO LEON,13,21,5,ANAHUAC,39,1202,1651° lugar,MICROSECCION
19,NUEVO LEON,14,26,9,CADEREYTA JIMENEZ,178,1202,1652° lugar,MICROSECCION
19,NUEVO LEON,13,4,38,MINA,2410,1202,1653° lugar,MICROSECCION
19,NUEVO LEON,14,11,20,GRAL. BRAVO,418,1200,1654° lugar,MICROSECCION
19,NUEVO LEON,5,1,40,MONTERREY,3162,1200,1655° lugar,MICROSECCION
19,NUEVO LEON,3,17,21,GRAL. ESCOBEDO,477,1199,1656° lugar,MICROSECCION
19,NUEVO LEON,10,6,40,MONTERREY,1237,1199,1657° lugar,MICROSECCION
19,NUEVO LEON,4,10,47,SAN NICOLAS DE LOS GARZA,1775,1199,1658° lugar,MICROSECCION
19,NUEVO LEON,2,5,6,APODACA,2471,1199,1659° lugar,MICROSECCION
19,NUEVO LEON,2,16,6,APODACA,2195,1198,1660° lugar,MICROSECCION
19,NUEVO LEON,14,21,25,GRAL. ZUAZUA,2658,1198,1661° lugar,MICROSECCION
19,NUEVO LEON,9,24,44,RAYONES,1724,1197,1662° lugar,MICROSECCION
19,NUEVO LEON,14,26,9,CADEREYTA JIMENEZ,188,1195,1663° lugar,MICROSECCION
19,NUEVO LEON,10,8,40,MONTERREY,1330,1195,1664° lugar,MICROSECCION
19,NUEVO LEON,2,5,6,APODACA,3140,1195,1665° lugar,MICROSECCION
19,NUEVO LEON,10,8,40,MONTERREY,1329,1194,1666° lugar,MICROSECCION
19,NUEVO LEON,5,2,40,MONTERREY,1526,1194,1667° lugar,MICROSECCION
19,NUEVO LEON,9,24,17,GALEANA,326,1193,1668° lugar,MICROSECCION
19,NUEVO LEON,6,3,40,MONTERREY,1017,1192,1669° lugar,MICROSECCION
19,NUEVO LEON,3,25,21,GRAL. ESCOBEDO,2151,1192,1670° lugar,MICROSECCION
19,NUEVO LEON,3,25,21,GRAL. ESCOBEDO,2159,1192,1671° lugar,MICROSECCION
19,NUEVO LEON,8,7,6,APODACA,2259,1192,1672° lugar,MICROSECCION
19,NUEVO LEON,2,16,6,APODACA,2185,1191,1673° lugar,MICROSECCION
19,NUEVO LEON,12,23,32,JUAREZ,2668,1191,1674° lugar,MICROSECCION
19,NUEVO LEON,10,6,40,MONTERREY,1673,1190,1675° lugar,MICROSECCION
19,NUEVO LEON,1,19,48,SANTA CATARINA,3117,1190,1676° lugar,MICROSECCION
19,NUEVO LEON,11,15,26,GUADALUPE,541,1189,1677° lugar,MICROSECCION
19,NUEVO LEON,10,8,40,MONTERREY,1391,1189,1678° lugar,MICROSECCION
19,NUEVO LEON,4,9,47,SAN NICOLAS DE LOS GARZA,1928,1189,1679° lugar,MICROSECCION
19,NUEVO LEON,9,24,14,DR. ARROYO,259,1188,1680° lugar,MICROSECCION
19,NUEVO LEON,13,4,46,SALINAS VICTORIA,2778,1188,1681° lugar,MICROSECCION
19,NUEVO LEON,6,3,40,MONTERREY,1004,1186,1682° lugar,MICROSECCION
19,NUEVO LEON,8,7,6,APODACA,2263,1186,1683° lugar,MICROSECCION
19,NUEVO LEON,2,16,6,APODACA,2174,1183,1684° lugar,MICROSECCION
19,NUEVO LEON,6,3,40,MONTERREY,1046,1181,1685° lugar,MICROSECCION
19,NUEVO LEON,4,10,47,SAN NICOLAS DE LOS GARZA,1803,1181,1686° lugar,MICROSECCION
19,NUEVO LEON,8,14,26,GUADALUPE,2708,1181,1687° lugar,MICROSECCION
19,NUEVO LEON,6,3,40,MONTERREY,1002,1180,1688° lugar,MICROSECCION
19,NUEVO LEON,5,2,40,MONTERREY,987,1179,1689° lugar,MICROSECCION
19,NUEVO LEON,12,23,32,JUAREZ,2662,1178,1690° lugar,MICROSECCION
19,NUEVO LEON,4,9,47,SAN NICOLAS DE LOS GARZA,1994,1174,1691° lugar,MICROSECCION
19,NUEVO LEON,11,15,26,GUADALUPE,633,1173,1692° lugar,MICROSECCION
19,NUEVO LEON,2,5,6,APODACA,2450,1173,1693° lugar,MICROSECCION
19,NUEVO LEON,12,23,32,JUAREZ,2685,1173,1694° lugar,MICROSECCION
19,NUEVO LEON,2,5,6,APODACA,2464,1170,1695° lugar,MICROSECCION
19,NUEVO LEON,14,11,42,PESQUERIA,3266,1169,1696° lugar,MICROSECCION
19,NUEVO LEON,8,13,26,GUADALUPE,707,1168,1697° lugar,MICROSECCION
19,NUEVO LEON,1,18,48,SANTA CATARINA,2012,1168,1698° lugar,MICROSECCION
19,NUEVO LEON,2,16,6,APODACA,2417,1167,1699° lugar,MICROSECCION
19,NUEVO LEON,14,11,42,PESQUERIA,3271,1167,1700° lugar,MICROSECCION
19,NUEVO LEON,14,11,11,CERRALVO,225,1165,1701° lugar,MICROSECCION
19,NUEVO LEON,2,16,6,APODACA,2183,1165,1702° lugar,MICROSECCION
19,NUEVO LEON,12,22,32,JUAREZ,2391,1165,1703° lugar,MICROSECCION
19,NUEVO LEON,2,16,6,APODACA,71,1164,1704° lugar,MICROSECCION
19,NUEVO LEON,10,8,40,MONTERREY,1372,1163,1705° lugar,MICROSECCION
19,NUEVO LEON,10,6,40,MONTERREY,1680,1163,1706° lugar,MICROSECCION
19,NUEVO LEON,6,3,40,MONTERREY,1539,1162,1707° lugar,MICROSECCION
19,NUEVO LEON,12,23,32,JUAREZ,2667,1160,1708° lugar,MICROSECCION
19,NUEVO LEON,14,21,25,GRAL. ZUAZUA,2630,1159,1709° lugar,MICROSECCION
19,NUEVO LEON,8,7,6,APODACA,2227,1157,1710° lugar,MICROSECCION
19,NUEVO LEON,11,13,26,GUADALUPE,716,1156,1711° lugar,MICROSECCION
19,NUEVO LEON,2,16,6,APODACA,2429,1156,1712° lugar,MICROSECCION
19,NUEVO LEON,14,21,25,GRAL. ZUAZUA,2640,1156,1713° lugar,MICROSECCION
19,NUEVO LEON,8,7,6,APODACA,2954,1155,1714° lugar,MICROSECCION
19,NUEVO LEON,13,21,41,PARAS,1701,1154,1715° lugar,MICROSECCION
19,NUEVO LEON,14,11,13,CHINA,242,1153,1716° lugar,MICROSECCION
19,NUEVO LEON,9,24,17,GALEANA,318,1153,1717° lugar,MICROSECCION
19,NUEVO LEON,6,3,40,MONTERREY,1012,1153,1718° lugar,MICROSECCION
19,NUEVO LEON,4,10,47,SAN NICOLAS DE LOS GARZA,1831,1153,1719° lugar,MICROSECCION
19,NUEVO LEON,14,21,25,GRAL. ZUAZUA,2635,1153,1720° lugar,MICROSECCION
19,NUEVO LEON,3,25,21,GRAL. ESCOBEDO,2154,1152,1721° lugar,MICROSECCION
19,NUEVO LEON,12,22,32,JUAREZ,2364,1151,1722° lugar,MICROSECCION
19,NUEVO LEON,2,16,6,APODACA,91,1149,1723° lugar,MICROSECCION
19,NUEVO LEON,1,19,48,SANTA CATARINA,2022,1149,1724° lugar,MICROSECCION
19,NUEVO LEON,8,7,6,APODACA,2229,1149,1725° lugar,MICROSECCION
19,NUEVO LEON,11,15,26,GUADALUPE,552,1148,1726° lugar,MICROSECCION
19,NUEVO LEON,11,15,26,GUADALUPE,555,1147,1727° lugar,MICROSECCION
19,NUEVO LEON,10,6,40,MONTERREY,1318,1147,1728° lugar,MICROSECCION
19,NUEVO LEON,10,8,40,MONTERREY,3019,1146,1729° lugar,MICROSECCION
19,NUEVO LEON,8,7,6,APODACA,2262,1144,1730° lugar,MICROSECCION
19,NUEVO LEON,10,6,40,MONTERREY,1311,1143,1731° lugar,MICROSECCION
19,NUEVO LEON,4,9,47,SAN NICOLAS DE LOS GARZA,1987,1143,1732° lugar,MICROSECCION
19,NUEVO LEON,5,2,40,MONTERREY,1501,1142,1733° lugar,MICROSECCION
19,NUEVO LEON,8,7,6,APODACA,2204,1141,1734° lugar,MICROSECCION
19,NUEVO LEON,12,22,32,JUAREZ,2387,1141,1735° lugar,MICROSECCION
19,NUEVO LEON,2,16,6,APODACA,80,1140,1736° lugar,MICROSECCION
19,NUEVO LEON,14,26,9,CADEREYTA JIMENEZ,180,1139,1737° lugar,MICROSECCION
19,NUEVO LEON,8,7,6,APODACA,2220,1139,1738° lugar,MICROSECCION
19,NUEVO LEON,2,7,6,APODACA,2927,1138,1739° lugar,MICROSECCION
19,NUEVO LEON,11,15,26,GUADALUPE,634,1137,1740° lugar,MICROSECCION
19,NUEVO LEON,2,5,6,APODACA,2501,1136,1741° lugar,MICROSECCION
19,NUEVO LEON,6,6,40,MONTERREY,1066,1134,1742° lugar,MICROSECCION
19,NUEVO LEON,2,16,6,APODACA,2513,1134,1743° lugar,MICROSECCION
19,NUEVO LEON,14,21,25,GRAL. ZUAZUA,2624,1133,1744° lugar,MICROSECCION
19,NUEVO LEON,1,19,48,SANTA CATARINA,2915,1133,1745° lugar,MICROSECCION
19,NUEVO LEON,1,18,19,SAN PEDRO GARZA GARCIA,393,1132,1746° lugar,MICROSECCION
19,NUEVO LEON,6,2,40,MONTERREY,1607,1132,1747° lugar,MICROSECCION
19,NUEVO LEON,8,14,26,GUADALUPE,2707,1132,1748° lugar,MICROSECCION
19,NUEVO LEON,10,6,40,MONTERREY,1682,1131,1749° lugar,MICROSECCION
19,NUEVO LEON,2,16,6,APODACA,2188,1131,1750° lugar,MICROSECCION
19,NUEVO LEON,14,11,42,PESQUERIA,3032,1131,1751° lugar,MICROSECCION
19,NUEVO LEON,12,22,32,JUAREZ,2368,1130,1752° lugar,MICROSECCION
19,NUEVO LEON,14,21,25,GRAL. ZUAZUA,2625,1130,1753° lugar,MICROSECCION
19,NUEVO LEON,12,23,32,JUAREZ,3105,1130,1754° lugar,MICROSECCION
19,NUEVO LEON,3,17,21,GRAL. ESCOBEDO,3156,1130,1755° lugar,MICROSECCION
19,NUEVO LEON,5,2,40,MONTERREY,1493,1129,1756° lugar,MICROSECCION
19,NUEVO LEON,3,17,21,GRAL. ESCOBEDO,3150,1129,1757° lugar,MICROSECCION
19,NUEVO LEON,14,26,9,CADEREYTA JIMENEZ,186,1127,1758° lugar,MICROSECCION
19,NUEVO LEON,6,6,40,MONTERREY,1633,1127,1759° lugar,MICROSECCION
19,NUEVO LEON,4,10,47,SAN NICOLAS DE LOS GARZA,1826,1127,1760° lugar,MICROSECCION
19,NUEVO LEON,1,19,48,SANTA CATARINA,2072,1127,1761° lugar,MICROSECCION
19,NUEVO LEON,8,7,6,APODACA,2211,1127,1762° lugar,MICROSECCION
19,NUEVO LEON,5,1,40,MONTERREY,3164,1127,1763° lugar,MICROSECCION
19,NUEVO LEON,7,20,18,GARCIA,2580,1124,1764° lugar,MICROSECCION
19,NUEVO LEON,11,15,26,GUADALUPE,576,1122,1765° lugar,MICROSECCION
19,NUEVO LEON,8,7,6,APODACA,2244,1122,1766° lugar,MICROSECCION
19,NUEVO LEON,12,22,32,JUAREZ,3245,1122,1767° lugar,MICROSECCION
19,NUEVO LEON,3,17,21,GRAL. ESCOBEDO,481,1121,1768° lugar,MICROSECCION
19,NUEVO LEON,3,17,21,GRAL. ESCOBEDO,487,1121,1769° lugar,MICROSECCION
19,NUEVO LEON,9,26,39,MONTEMORELOS,932,1121,1770° lugar,MICROSECCION
19,NUEVO LEON,10,6,40,MONTERREY,1299,1120,1771° lugar,MICROSECCION
19,NUEVO LEON,14,11,42,PESQUERIA,3041,1119,1772° lugar,MICROSECCION
19,NUEVO LEON,9,24,37,MIER Y NORIEGA,915,1117,1773° lugar,MICROSECCION
19,NUEVO LEON,6,3,40,MONTERREY,1006,1117,1774° lugar,MICROSECCION
19,NUEVO LEON,5,2,40,MONTERREY,1502,1117,1775° lugar,MICROSECCION
19,NUEVO LEON,14,21,25,GRAL. ZUAZUA,3251,1115,1776° lugar,MICROSECCION
19,NUEVO LEON,12,23,32,JUAREZ,2310,1114,1777° lugar,MICROSECCION
19,NUEVO LEON,7,20,18,GARCIA,3180,1114,1778° lugar,MICROSECCION
19,NUEVO LEON,13,4,1,ABASOLO,1,1113,1779° lugar,MICROSECCION
19,NUEVO LEON,9,26,39,MONTEMORELOS,965,1113,1780° lugar,MICROSECCION
19,NUEVO LEON,3,25,21,GRAL. ESCOBEDO,2158,1113,1781° lugar,MICROSECCION
19,NUEVO LEON,5,2,40,MONTERREY,977,1112,1782° lugar,MICROSECCION
19,NUEVO LEON,12,22,32,JUAREZ,2394,1112,1783° lugar,MICROSECCION
19,NUEVO LEON,12,23,32,JUAREZ,2866,1112,1784° lugar,MICROSECCION
19,NUEVO LEON,3,17,21,GRAL. ESCOBEDO,484,1111,1785° lugar,MICROSECCION
19,NUEVO LEON,13,21,33,LAMPAZOS DE NARANJO,857,1111,1786° lugar,MICROSECCION
19,NUEVO LEON,4,9,47,SAN NICOLAS DE LOS GARZA,2948,1110,1787° lugar,MICROSECCION
19,NUEVO LEON,14,11,42,PESQUERIA,3265,1110,1788° lugar,MICROSECCION
19,NUEVO LEON,7,12,18,GARCIA,355,1109,1789° lugar,MICROSECCION
19,NUEVO LEON,8,7,6,APODACA,2226,1108,1790° lugar,MICROSECCION
19,NUEVO LEON,9,24,37,MIER Y NORIEGA,919,1107,1791° lugar,MICROSECCION
19,NUEVO LEON,9,24,17,GALEANA,320,1106,1792° lugar,MICROSECCION
19,NUEVO LEON,6,3,40,MONTERREY,1009,1105,1793° lugar,MICROSECCION
19,NUEVO LEON,3,25,21,GRAL. ESCOBEDO,2150,1105,1794° lugar,MICROSECCION
19,NUEVO LEON,2,16,6,APODACA,2421,1105,1795° lugar,MICROSECCION
19,NUEVO LEON,14,11,16,DR. GONZALEZ,306,1103,1796° lugar,MICROSECCION
19,NUEVO LEON,14,11,36,MELCHOR OCAMPO,912,1103,1797° lugar,MICROSECCION
19,NUEVO LEON,13,4,38,MINA,925,1103,1798° lugar,MICROSECCION
19,NUEVO LEON,2,16,6,APODACA,2436,1103,1799° lugar,MICROSECCION
19,NUEVO LEON,12,23,32,JUAREZ,2320,1102,1800° lugar,MICROSECCION
19,NUEVO LEON,5,2,40,MONTERREY,1543,1100,1801° lugar,MICROSECCION
19,NUEVO LEON,10,6,40,MONTERREY,1238,1098,1802° lugar,MICROSECCION
19,NUEVO LEON,4,25,21,GRAL. ESCOBEDO,2533,1098,1803° lugar,MICROSECCION
19,NUEVO LEON,14,21,25,GRAL. ZUAZUA,2654,1098,1804° lugar,MICROSECCION
19,NUEVO LEON,6,6,40,MONTERREY,1058,1096,1805° lugar,MICROSECCION
19,NUEVO LEON,10,6,40,MONTERREY,1230,1096,1806° lugar,MICROSECCION
19,NUEVO LEON,3,25,21,GRAL. ESCOBEDO,2161,1094,1807° lugar,MICROSECCION
19,NUEVO LEON,14,11,11,CERRALVO,223,1093,1808° lugar,MICROSECCION
19,NUEVO LEON,14,21,29,HIGUERAS,821,1092,1809° lugar,MICROSECCION
19,NUEVO LEON,5,2,40,MONTERREY,1515,1091,1810° lugar,MICROSECCION
19,NUEVO LEON,10,8,40,MONTERREY,1371,1090,1811° lugar,MICROSECCION
19,NUEVO LEON,13,4,28,HIDALGO,815,1089,1812° lugar,MICROSECCION
19,NUEVO LEON,9,24,34,LINARES,884,1089,1813° lugar,MICROSECCION
19,NUEVO LEON,12,23,32,JUAREZ,2691,1089,1814° lugar,MICROSECCION
19,NUEVO LEON,14,26,9,CADEREYTA JIMENEZ,173,1088,1815° lugar,MICROSECCION
19,NUEVO LEON,6,2,40,MONTERREY,985,1088,1816° lugar,MICROSECCION
19,NUEVO LEON,11,15,26,GUADALUPE,666,1086,1817° lugar,MICROSECCION
19,NUEVO LEON,2,16,6,APODACA,2166,1086,1818° lugar,MICROSECCION
19,NUEVO LEON,3,25,21,GRAL. ESCOBEDO,2936,1085,1819° lugar,MICROSECCION
19,NUEVO LEON,7,20,18,GARCIA,2595,1083,1820° lugar,MICROSECCION
19,NUEVO LEON,6,3,40,MONTERREY,1570,1082,1821° lugar,MICROSECCION
19,NUEVO LEON,7,20,18,GARCIA,2567,1081,1822° lugar,MICROSECCION
19,NUEVO LEON,5,2,40,MONTERREY,1494,1078,1823° lugar,MICROSECCION
19,NUEVO LEON,6,2,40,MONTERREY,1610,1078,1824° lugar,MICROSECCION
19,NUEVO LEON,13,21,33,LAMPAZOS DE NARANJO,854,1077,1825° lugar,MICROSECCION
19,NUEVO LEON,10,8,40,MONTERREY,1337,1076,1826° lugar,MICROSECCION
19,NUEVO LEON,6,6,40,MONTERREY,1018,1075,1827° lugar,MICROSECCION
19,NUEVO LEON,6,3,40,MONTERREY,1047,1075,1828° lugar,MICROSECCION
19,NUEVO LEON,12,22,32,JUAREZ,2386,1075,1829° lugar,MICROSECCION
19,NUEVO LEON,9,24,37,MIER Y NORIEGA,913,1074,1830° lugar,MICROSECCION
19,NUEVO LEON,10,6,40,MONTERREY,1657,1074,1831° lugar,MICROSECCION
19,NUEVO LEON,2,16,6,APODACA,2175,1072,1832° lugar,MICROSECCION
19,NUEVO LEON,10,8,40,MONTERREY,1362,1071,1833° lugar,MICROSECCION
19,NUEVO LEON,7,20,18,GARCIA,2573,1071,1834° lugar,MICROSECCION
19,NUEVO LEON,12,23,32,JUAREZ,2693,1069,1835° lugar,MICROSECCION
19,NUEVO LEON,1,18,19,SAN PEDRO GARZA GARCIA,399,1067,1836° lugar,MICROSECCION
19,NUEVO LEON,2,5,6,APODACA,2439,1066,1837° lugar,MICROSECCION
19,NUEVO LEON,11,15,26,GUADALUPE,656,1064,1838° lugar,MICROSECCION
19,NUEVO LEON,10,8,40,MONTERREY,1347,1064,1839° lugar,MICROSECCION
19,NUEVO LEON,10,6,40,MONTERREY,1675,1063,1840° lugar,MICROSECCION
19,NUEVO LEON,12,22,32,JUAREZ,3238,1063,1841° lugar,MICROSECCION
19,NUEVO LEON,13,21,45,SABINAS HIDALGO,1744,1061,1842° lugar,MICROSECCION
19,NUEVO LEON,2,16,6,APODACA,2171,1059,1843° lugar,MICROSECCION
19,NUEVO LEON,12,22,32,JUAREZ,3247,1056,1844° lugar,MICROSECCION
19,NUEVO LEON,13,21,45,SABINAS HIDALGO,1731,1055,1845° lugar,MICROSECCION
19,NUEVO LEON,12,22,32,JUAREZ,2398,1055,1846° lugar,MICROSECCION
19,NUEVO LEON,1,18,19,SAN PEDRO GARZA GARCIA,383,1054,1847° lugar,MICROSECCION
19,NUEVO LEON,1,18,19,SAN PEDRO GARZA GARCIA,415,1054,1848° lugar,MICROSECCION
19,NUEVO LEON,6,3,40,MONTERREY,1130,1054,1849° lugar,MICROSECCION
19,NUEVO LEON,10,8,40,MONTERREY,1338,1054,1850° lugar,MICROSECCION
19,NUEVO LEON,7,20,18,GARCIA,2838,1054,1851° lugar,MICROSECCION
19,NUEVO LEON,4,10,47,SAN NICOLAS DE LOS GARZA,1836,1052,1852° lugar,MICROSECCION
19,NUEVO LEON,9,26,39,MONTEMORELOS,944,1051,1853° lugar,MICROSECCION
19,NUEVO LEON,7,20,18,GARCIA,3171,1051,1854° lugar,MICROSECCION
19,NUEVO LEON,12,22,32,JUAREZ,2395,1050,1855° lugar,MICROSECCION
19,NUEVO LEON,14,11,15,DR. COSS,295,1047,1856° lugar,MICROSECCION
19,NUEVO LEON,14,26,9,CADEREYTA JIMENEZ,201,1046,1857° lugar,MICROSECCION
19,NUEVO LEON,14,26,9,CADEREYTA JIMENEZ,205,1046,1858° lugar,MICROSECCION
19,NUEVO LEON,3,25,21,GRAL. ESCOBEDO,2156,1045,1859° lugar,MICROSECCION
19,NUEVO LEON,3,25,21,GRAL. ESCOBEDO,2540,1045,1860° lugar,MICROSECCION
19,NUEVO LEON,14,26,9,CADEREYTA JIMENEZ,210,1043,1861° lugar,MICROSECCION
19,NUEVO LEON,6,2,40,MONTERREY,1609,1042,1862° lugar,MICROSECCION
19,NUEVO LEON,4,10,47,SAN NICOLAS DE LOS GARZA,1866,1042,1863° lugar,MICROSECCION
19,NUEVO LEON,7,20,18,GARCIA,2841,1042,1864° lugar,MICROSECCION
19,NUEVO LEON,8,7,6,APODACA,140,1041,1865° lugar,MICROSECCION
19,NUEVO LEON,14,26,9,CADEREYTA JIMENEZ,217,1041,1866° lugar,MICROSECCION
19,NUEVO LEON,4,10,47,SAN NICOLAS DE LOS GARZA,1837,1040,1867° lugar,MICROSECCION
19,NUEVO LEON,4,9,47,SAN NICOLAS DE LOS GARZA,1894,1040,1868° lugar,MICROSECCION
19,NUEVO LEON,3,25,21,GRAL. ESCOBEDO,2144,1040,1869° lugar,MICROSECCION
19,NUEVO LEON,2,5,6,APODACA,2479,1040,1870° lugar,MICROSECCION
19,NUEVO LEON,10,6,40,MONTERREY,1685,1039,1871° lugar,MICROSECCION
19,NUEVO LEON,4,9,47,SAN NICOLAS DE LOS GARZA,1890,1039,1872° lugar,MICROSECCION
19,NUEVO LEON,1,18,19,SAN PEDRO GARZA GARCIA,394,1038,1873° lugar,MICROSECCION
19,NUEVO LEON,12,22,32,JUAREZ,2370,1038,1874° lugar,MICROSECCION
19,NUEVO LEON,9,24,34,LINARES,873,1036,1875° lugar,MICROSECCION
19,NUEVO LEON,6,3,40,MONTERREY,1007,1036,1876° lugar,MICROSECCION
19,NUEVO LEON,14,11,13,CHINA,240,1035,1877° lugar,MICROSECCION
19,NUEVO LEON,2,16,6,APODACA,2430,1035,1878° lugar,MICROSECCION
19,NUEVO LEON,12,23,32,JUAREZ,3225,1035,1879° lugar,MICROSECCION
19,NUEVO LEON,10,8,40,MONTERREY,1406,1034,1880° lugar,MICROSECCION
19,NUEVO LEON,14,11,42,PESQUERIA,3261,1034,1881° lugar,MICROSECCION
19,NUEVO LEON,11,15,26,GUADALUPE,637,1033,1882° lugar,MICROSECCION
19,NUEVO LEON,14,11,36,MELCHOR OCAMPO,911,1033,1883° lugar,MICROSECCION
19,NUEVO LEON,2,5,6,APODACA,106,1032,1884° lugar,MICROSECCION
19,NUEVO LEON,12,23,32,JUAREZ,2347,1032,1885° lugar,MICROSECCION
19,NUEVO LEON,4,10,47,SAN NICOLAS DE LOS GARZA,1806,1031,1886° lugar,MICROSECCION
19,NUEVO LEON,8,7,6,APODACA,2233,1031,1887° lugar,MICROSECCION
19,NUEVO LEON,2,5,6,APODACA,2495,1031,1888° lugar,MICROSECCION
19,NUEVO LEON,9,24,34,LINARES,879,1030,1889° lugar,MICROSECCION
19,NUEVO LEON,10,8,40,MONTERREY,1381,1030,1890° lugar,MICROSECCION
19,NUEVO LEON,14,21,25,GRAL. ZUAZUA,3249,1030,1891° lugar,MICROSECCION
19,NUEVO LEON,10,6,40,MONTERREY,1236,1029,1892° lugar,MICROSECCION
19,NUEVO LEON,12,22,32,JUAREZ,2397,1029,1893° lugar,MICROSECCION
19,NUEVO LEON,9,24,7,ARAMBERRI,161,1028,1894° lugar,MICROSECCION
19,NUEVO LEON,3,17,21,GRAL. ESCOBEDO,446,1027,1895° lugar,MICROSECCION
19,NUEVO LEON,6,3,40,MONTERREY,1003,1027,1896° lugar,MICROSECCION
19,NUEVO LEON,2,16,6,APODACA,2422,1027,1897° lugar,MICROSECCION
19,NUEVO LEON,2,5,6,APODACA,3143,1027,1898° lugar,MICROSECCION
19,NUEVO LEON,4,10,47,SAN NICOLAS DE LOS GARZA,1900,1025,1899° lugar,MICROSECCION
19,NUEVO LEON,9,24,14,DR. ARROYO,276,1024,1900° lugar,MICROSECCION
19,NUEVO LEON,2,16,6,APODACA,82,1023,1901° lugar,MICROSECCION
19,NUEVO LEON,9,11,22,GRAL. TERAN,496,1023,1902° lugar,MICROSECCION
19,NUEVO LEON,10,6,40,MONTERREY,1697,1021,1903° lugar,MICROSECCION
19,NUEVO LEON,2,16,6,APODACA,75,1020,1904° lugar,MICROSECCION
19,NUEVO LEON,3,17,21,GRAL. ESCOBEDO,464,1020,1905° lugar,MICROSECCION
19,NUEVO LEON,11,15,26,GUADALUPE,664,1020,1906° lugar,MICROSECCION
19,NUEVO LEON,10,6,40,MONTERREY,1367,1020,1907° lugar,MICROSECCION
19,NUEVO LEON,2,16,6,APODACA,2192,1020,1908° lugar,MICROSECCION
19,NUEVO LEON,14,11,42,PESQUERIA,2895,1019,1909° lugar,MICROSECCION
19,NUEVO LEON,3,17,21,GRAL. ESCOBEDO,471,1017,1910° lugar,MICROSECCION
19,NUEVO LEON,11,15,26,GUADALUPE,571,1016,1911° lugar,MICROSECCION
19,NUEVO LEON,11,15,26,GUADALUPE,587,1016,1912° lugar,MICROSECCION
19,NUEVO LEON,5,2,40,MONTERREY,1503,1015,1913° lugar,MICROSECCION
19,NUEVO LEON,8,7,6,APODACA,2252,1015,1914° lugar,MICROSECCION
19,NUEVO LEON,2,5,6,APODACA,2447,1014,1915° lugar,MICROSECCION
19,NUEVO LEON,14,11,13,CHINA,243,1013,1916° lugar,MICROSECCION
19,NUEVO LEON,6,6,40,MONTERREY,1129,1013,1917° lugar,MICROSECCION
19,NUEVO LEON,1,19,48,SANTA CATARINA,2020,1013,1918° lugar,MICROSECCION
19,NUEVO LEON,1,18,19,SAN PEDRO GARZA GARCIA,376,1011,1919° lugar,MICROSECCION
19,NUEVO LEON,11,15,26,GUADALUPE,542,1011,1920° lugar,MICROSECCION
19,NUEVO LEON,8,7,6,APODACA,2255,1011,1921° lugar,MICROSECCION
19,NUEVO LEON,10,6,40,MONTERREY,1231,1009,1922° lugar,MICROSECCION
19,NUEVO LEON,12,22,32,JUAREZ,2381,1009,1923° lugar,MICROSECCION
19,NUEVO LEON,6,6,40,MONTERREY,1029,1007,1924° lugar,MICROSECCION
19,NUEVO LEON,8,7,6,APODACA,2265,1006,1925° lugar,MICROSECCION
19,NUEVO LEON,5,2,40,MONTERREY,981,1005,1926° lugar,MICROSECCION
19,NUEVO LEON,5,2,40,MONTERREY,1542,1004,1927° lugar,MICROSECCION
19,NUEVO LEON,2,16,6,APODACA,2431,1004,1928° lugar,MICROSECCION
19,NUEVO LEON,13,4,46,SALINAS VICTORIA,1758,1003,1929° lugar,MICROSECCION
19,NUEVO LEON,4,10,47,SAN NICOLAS DE LOS GARZA,1821,1003,1930° lugar,MICROSECCION
19,NUEVO LEON,14,11,23,GRAL. TREVIðO,516,1002,1931° lugar,MICROSECCION
19,NUEVO LEON,7,12,18,GARCIA,2828,1002,1932° lugar,MICROSECCION
19,NUEVO LEON,9,24,34,LINARES,898,1001,1933° lugar,MICROSECCION
19,NUEVO LEON,2,16,6,APODACA,2418,1001,1934° lugar,MICROSECCION
19,NUEVO LEON,9,24,34,LINARES,867,1000,1935° lugar,MICROSECCION
19,NUEVO LEON,7,12,18,GARCIA,2290,999,1936° lugar,MICROSECCION
19,NUEVO LEON,7,12,18,GARCIA,2300,999,1937° lugar,MICROSECCION
19,NUEVO LEON,13,4,46,SALINAS VICTORIA,1753,997,1938° lugar,MICROSECCION
19,NUEVO LEON,8,14,26,GUADALUPE,2697,997,1939° lugar,MICROSECCION
19,NUEVO LEON,10,8,40,MONTERREY,1366,996,1940° lugar,MICROSECCION
19,NUEVO LEON,13,21,33,LAMPAZOS DE NARANJO,855,995,1941° lugar,MICROSECCION
19,NUEVO LEON,12,22,32,JUAREZ,2377,995,1942° lugar,MICROSECCION
19,NUEVO LEON,10,6,40,MONTERREY,1653,994,1943° lugar,MICROSECCION
19,NUEVO LEON,10,6,40,MONTERREY,1674,993,1944° lugar,MICROSECCION
19,NUEVO LEON,12,23,32,JUAREZ,2666,993,1945° lugar,MICROSECCION
19,NUEVO LEON,3,25,21,GRAL. ESCOBEDO,2143,992,1946° lugar,MICROSECCION
19,NUEVO LEON,9,26,39,MONTEMORELOS,934,991,1947° lugar,MICROSECCION
19,NUEVO LEON,6,6,40,MONTERREY,1128,991,1948° lugar,MICROSECCION
19,NUEVO LEON,3,17,21,GRAL. ESCOBEDO,485,990,1949° lugar,MICROSECCION
19,NUEVO LEON,3,25,21,GRAL. ESCOBEDO,2153,990,1950° lugar,MICROSECCION
19,NUEVO LEON,9,24,34,LINARES,872,989,1951° lugar,MICROSECCION
19,NUEVO LEON,5,6,40,MONTERREY,1630,988,1952° lugar,MICROSECCION
19,NUEVO LEON,4,10,47,SAN NICOLAS DE LOS GARZA,1834,988,1953° lugar,MICROSECCION
19,NUEVO LEON,3,25,21,GRAL. ESCOBEDO,2157,987,1954° lugar,MICROSECCION
19,NUEVO LEON,9,24,34,LINARES,907,986,1955° lugar,MICROSECCION
19,NUEVO LEON,10,8,40,MONTERREY,1377,986,1956° lugar,MICROSECCION
19,NUEVO LEON,4,9,47,SAN NICOLAS DE LOS GARZA,1991,986,1957° lugar,MICROSECCION
19,NUEVO LEON,9,26,39,MONTEMORELOS,942,985,1958° lugar,MICROSECCION
19,NUEVO LEON,6,3,40,MONTERREY,1008,985,1959° lugar,MICROSECCION
19,NUEVO LEON,2,5,6,APODACA,2475,985,1960° lugar,MICROSECCION
19,NUEVO LEON,2,5,6,APODACA,2496,982,1961° lugar,MICROSECCION
19,NUEVO LEON,3,25,21,GRAL. ESCOBEDO,2145,981,1962° lugar,MICROSECCION
19,NUEVO LEON,4,9,47,SAN NICOLAS DE LOS GARZA,1947,980,1963° lugar,MICROSECCION
19,NUEVO LEON,4,9,47,SAN NICOLAS DE LOS GARZA,1990,980,1964° lugar,MICROSECCION
19,NUEVO LEON,3,25,21,GRAL. ESCOBEDO,2152,980,1965° lugar,MICROSECCION
19,NUEVO LEON,3,25,21,GRAL. ESCOBEDO,2546,980,1966° lugar,MICROSECCION
19,NUEVO LEON,9,24,17,GALEANA,328,979,1967° lugar,MICROSECCION
19,NUEVO LEON,10,6,40,MONTERREY,1676,979,1968° lugar,MICROSECCION
19,NUEVO LEON,7,12,18,GARCIA,2304,979,1969° lugar,MICROSECCION
19,NUEVO LEON,14,11,42,PESQUERIA,3025,979,1970° lugar,MICROSECCION
19,NUEVO LEON,3,25,21,GRAL. ESCOBEDO,2165,978,1971° lugar,MICROSECCION
19,NUEVO LEON,11,15,26,GUADALUPE,762,977,1972° lugar,MICROSECCION
19,NUEVO LEON,10,8,40,MONTERREY,1370,977,1973° lugar,MICROSECCION
19,NUEVO LEON,10,8,40,MONTERREY,1378,977,1974° lugar,MICROSECCION
19,NUEVO LEON,4,9,47,SAN NICOLAS DE LOS GARZA,1940,977,1975° lugar,MICROSECCION
19,NUEVO LEON,3,25,21,GRAL. ESCOBEDO,2164,977,1976° lugar,MICROSECCION
19,NUEVO LEON,13,21,2,AGUALEGUAS,3,975,1977° lugar,MICROSECCION
19,NUEVO LEON,8,7,6,APODACA,2231,975,1978° lugar,MICROSECCION
19,NUEVO LEON,11,15,26,GUADALUPE,535,973,1979° lugar,MICROSECCION
19,NUEVO LEON,8,14,26,GUADALUPE,2908,973,1980° lugar,MICROSECCION
19,NUEVO LEON,11,15,26,GUADALUPE,632,972,1981° lugar,MICROSECCION
19,NUEVO LEON,2,16,6,APODACA,2169,972,1982° lugar,MICROSECCION
19,NUEVO LEON,7,20,18,GARCIA,3167,972,1983° lugar,MICROSECCION
19,NUEVO LEON,1,18,19,SAN PEDRO GARZA GARCIA,379,970,1984° lugar,MICROSECCION
19,NUEVO LEON,7,20,18,GARCIA,2577,970,1985° lugar,MICROSECCION
19,NUEVO LEON,14,11,13,CHINA,241,969,1986° lugar,MICROSECCION
19,NUEVO LEON,10,6,40,MONTERREY,1225,969,1987° lugar,MICROSECCION
19,NUEVO LEON,12,23,32,JUAREZ,2663,969,1988° lugar,MICROSECCION
19,NUEVO LEON,13,4,28,HIDALGO,813,968,1989° lugar,MICROSECCION
19,NUEVO LEON,10,6,40,MONTERREY,1658,968,1990° lugar,MICROSECCION
19,NUEVO LEON,11,15,26,GUADALUPE,557,967,1991° lugar,MICROSECCION
19,NUEVO LEON,13,4,10,CARMEN,3069,967,1992° lugar,MICROSECCION
19,NUEVO LEON,1,18,19,SAN PEDRO GARZA GARCIA,405,966,1993° lugar,MICROSECCION
19,NUEVO LEON,11,13,26,GUADALUPE,774,966,1994° lugar,MICROSECCION
19,NUEVO LEON,1,18,48,SANTA CATARINA,2083,965,1995° lugar,MICROSECCION
19,NUEVO LEON,1,19,48,SANTA CATARINA,2043,964,1996° lugar,MICROSECCION
19,NUEVO LEON,13,4,38,MINA,2409,964,1997° lugar,MICROSECCION
19,NUEVO LEON,5,1,40,MONTERREY,3165,964,1998° lugar,MICROSECCION
19,NUEVO LEON,9,24,17,GALEANA,323,963,1999° lugar,MICROSECCION
19,NUEVO LEON,7,20,18,GARCIA,2571,963,2000° lugar,MICROSECCION
19,NUEVO LEON,11,15,26,GUADALUPE,558,962,2001° lugar,MICROSECCION
19,NUEVO LEON,4,10,47,SAN NICOLAS DE LOS GARZA,1868,962,2002° lugar,MICROSECCION
19,NUEVO LEON,8,7,6,APODACA,2242,962,2003° lugar,MICROSECCION
19,NUEVO LEON,11,15,26,GUADALUPE,553,960,2004° lugar,MICROSECCION
19,NUEVO LEON,1,18,48,SANTA CATARINA,2082,960,2005° lugar,MICROSECCION
19,NUEVO LEON,2,16,6,APODACA,2427,960,2006° lugar,MICROSECCION
19,NUEVO LEON,2,16,6,APODACA,2168,959,2007° lugar,MICROSECCION
19,NUEVO LEON,7,20,18,GARCIA,3188,959,2008° lugar,MICROSECCION
19,NUEVO LEON,12,23,32,JUAREZ,2323,956,2009° lugar,MICROSECCION
19,NUEVO LEON,14,26,9,CADEREYTA JIMENEZ,212,955,2010° lugar,MICROSECCION
19,NUEVO LEON,2,5,6,APODACA,2498,955,2011° lugar,MICROSECCION
19,NUEVO LEON,7,20,18,GARCIA,3193,955,2012° lugar,MICROSECCION
19,NUEVO LEON,9,24,14,DR. ARROYO,277,954,2013° lugar,MICROSECCION
19,NUEVO LEON,11,15,26,GUADALUPE,536,954,2014° lugar,MICROSECCION
19,NUEVO LEON,13,4,10,CARMEN,3072,953,2015° lugar,MICROSECCION
19,NUEVO LEON,9,24,34,LINARES,862,952,2016° lugar,MICROSECCION
19,NUEVO LEON,5,2,40,MONTERREY,975,952,2017° lugar,MICROSECCION
19,NUEVO LEON,4,25,21,GRAL. ESCOBEDO,2542,952,2018° lugar,MICROSECCION
19,NUEVO LEON,10,6,40,MONTERREY,1369,951,2019° lugar,MICROSECCION
19,NUEVO LEON,2,5,6,APODACA,2489,951,2020° lugar,MICROSECCION
19,NUEVO LEON,6,6,40,MONTERREY,1228,950,2021° lugar,MICROSECCION
19,NUEVO LEON,9,24,7,ARAMBERRI,158,949,2022° lugar,MICROSECCION
19,NUEVO LEON,4,9,47,SAN NICOLAS DE LOS GARZA,1993,949,2023° lugar,MICROSECCION
19,NUEVO LEON,2,5,6,APODACA,2458,948,2024° lugar,MICROSECCION
19,NUEVO LEON,10,8,40,MONTERREY,1407,944,2025° lugar,MICROSECCION
19,NUEVO LEON,12,23,32,JUAREZ,2674,944,2026° lugar,MICROSECCION
19,NUEVO LEON,4,9,47,SAN NICOLAS DE LOS GARZA,1917,943,2027° lugar,MICROSECCION
19,NUEVO LEON,4,10,47,SAN NICOLAS DE LOS GARZA,1771,942,2028° lugar,MICROSECCION
19,NUEVO LEON,2,5,6,APODACA,2486,942,2029° lugar,MICROSECCION
19,NUEVO LEON,10,8,40,MONTERREY,1363,941,2030° lugar,MICROSECCION
19,NUEVO LEON,13,21,45,SABINAS HIDALGO,1746,941,2031° lugar,MICROSECCION
19,NUEVO LEON,8,7,6,APODACA,147,940,2032° lugar,MICROSECCION
19,NUEVO LEON,4,10,47,SAN NICOLAS DE LOS GARZA,1828,940,2033° lugar,MICROSECCION
19,NUEVO LEON,4,9,47,SAN NICOLAS DE LOS GARZA,1931,939,2034° lugar,MICROSECCION
19,NUEVO LEON,3,25,21,GRAL. ESCOBEDO,2163,939,2035° lugar,MICROSECCION
19,NUEVO LEON,8,7,6,APODACA,2269,938,2036° lugar,MICROSECCION
19,NUEVO LEON,14,11,20,GRAL. BRAVO,423,937,2037° lugar,MICROSECCION
19,NUEVO LEON,9,24,14,DR. ARROYO,257,936,2038° lugar,MICROSECCION
19,NUEVO LEON,14,26,9,CADEREYTA JIMENEZ,197,935,2039° lugar,MICROSECCION
19,NUEVO LEON,9,24,34,LINARES,880,934,2040° lugar,MICROSECCION
19,NUEVO LEON,12,23,32,JUAREZ,2313,934,2041° lugar,MICROSECCION
19,NUEVO LEON,14,26,9,CADEREYTA JIMENEZ,200,933,2042° lugar,MICROSECCION
19,NUEVO LEON,10,6,40,MONTERREY,1368,933,2043° lugar,MICROSECCION
19,NUEVO LEON,2,16,6,APODACA,2435,933,2044° lugar,MICROSECCION
19,NUEVO LEON,12,23,32,JUAREZ,2675,933,2045° lugar,MICROSECCION
19,NUEVO LEON,7,20,18,GARCIA,3195,932,2046° lugar,MICROSECCION
19,NUEVO LEON,11,15,26,GUADALUPE,543,931,2047° lugar,MICROSECCION
19,NUEVO LEON,6,2,40,MONTERREY,990,930,2048° lugar,MICROSECCION
19,NUEVO LEON,10,6,40,MONTERREY,1285,930,2049° lugar,MICROSECCION
19,NUEVO LEON,10,6,40,MONTERREY,1691,930,2050° lugar,MICROSECCION
19,NUEVO LEON,9,24,30,HUALAHUISES,825,927,2051° lugar,MICROSECCION
19,NUEVO LEON,7,12,18,GARCIA,2297,926,2052° lugar,MICROSECCION
19,NUEVO LEON,12,23,32,JUAREZ,2346,926,2053° lugar,MICROSECCION
19,NUEVO LEON,8,14,26,GUADALUPE,2959,926,2054° lugar,MICROSECCION
19,NUEVO LEON,14,21,25,GRAL. ZUAZUA,2642,925,2055° lugar,MICROSECCION
19,NUEVO LEON,10,8,40,MONTERREY,1395,924,2056° lugar,MICROSECCION
19,NUEVO LEON,6,3,40,MONTERREY,1577,924,2057° lugar,MICROSECCION
19,NUEVO LEON,12,22,32,JUAREZ,2389,924,2058° lugar,MICROSECCION
19,NUEVO LEON,6,3,40,MONTERREY,1013,922,2059° lugar,MICROSECCION
19,NUEVO LEON,9,24,37,MIER Y NORIEGA,917,921,2060° lugar,MICROSECCION
19,NUEVO LEON,9,26,39,MONTEMORELOS,941,921,2061° lugar,MICROSECCION
19,NUEVO LEON,8,14,26,GUADALUPE,2696,921,2062° lugar,MICROSECCION
19,NUEVO LEON,11,15,26,GUADALUPE,661,920,2063° lugar,MICROSECCION
19,NUEVO LEON,12,23,32,JUAREZ,2309,920,2064° lugar,MICROSECCION
19,NUEVO LEON,9,11,22,GRAL. TERAN,509,919,2065° lugar,MICROSECCION
19,NUEVO LEON,14,11,43,LOS RAMONES,1720,917,2066° lugar,MICROSECCION
19,NUEVO LEON,8,7,6,APODACA,2268,917,2067° lugar,MICROSECCION
19,NUEVO LEON,10,6,40,MONTERREY,1232,916,2068° lugar,MICROSECCION
19,NUEVO LEON,3,25,21,GRAL. ESCOBEDO,2515,915,2069° lugar,MICROSECCION
19,NUEVO LEON,14,21,25,GRAL. ZUAZUA,2628,915,2070° lugar,MICROSECCION
19,NUEVO LEON,7,20,18,GARCIA,3187,914,2071° lugar,MICROSECCION
19,NUEVO LEON,12,23,32,JUAREZ,3109,913,2072° lugar,MICROSECCION
19,NUEVO LEON,14,11,11,CERRALVO,224,911,2073° lugar,MICROSECCION
19,NUEVO LEON,11,15,26,GUADALUPE,570,911,2074° lugar,MICROSECCION
19,NUEVO LEON,10,8,40,MONTERREY,1353,910,2075° lugar,MICROSECCION
19,NUEVO LEON,6,2,40,MONTERREY,991,909,2076° lugar,MICROSECCION
19,NUEVO LEON,11,15,26,GUADALUPE,665,908,2077° lugar,MICROSECCION
19,NUEVO LEON,7,12,18,GARCIA,2292,908,2078° lugar,MICROSECCION
19,NUEVO LEON,7,20,18,GARCIA,3185,908,2079° lugar,MICROSECCION
19,NUEVO LEON,10,6,40,MONTERREY,1681,907,2080° lugar,MICROSECCION
19,NUEVO LEON,3,25,21,GRAL. ESCOBEDO,2160,907,2081° lugar,MICROSECCION
19,NUEVO LEON,9,26,4,ALLENDE,27,906,2082° lugar,MICROSECCION
19,NUEVO LEON,2,5,6,APODACA,2442,906,2083° lugar,MICROSECCION
19,NUEVO LEON,9,26,4,ALLENDE,34,905,2084° lugar,MICROSECCION
19,NUEVO LEON,14,11,42,PESQUERIA,1710,904,2085° lugar,MICROSECCION
19,NUEVO LEON,1,18,19,SAN PEDRO GARZA GARCIA,400,903,2086° lugar,MICROSECCION
19,NUEVO LEON,14,26,9,CADEREYTA JIMENEZ,194,901,2087° lugar,MICROSECCION
19,NUEVO LEON,14,11,13,CHINA,239,901,2088° lugar,MICROSECCION
19,NUEVO LEON,4,10,47,SAN NICOLAS DE LOS GARZA,1871,901,2089° lugar,MICROSECCION
19,NUEVO LEON,14,21,25,GRAL. ZUAZUA,2656,901,2090° lugar,MICROSECCION
19,NUEVO LEON,14,21,25,GRAL. ZUAZUA,2631,897,2091° lugar,MICROSECCION
19,NUEVO LEON,12,23,32,JUAREZ,2665,897,2092° lugar,MICROSECCION
19,NUEVO LEON,7,20,18,GARCIA,3174,897,2093° lugar,MICROSECCION
19,NUEVO LEON,4,25,21,GRAL. ESCOBEDO,2539,896,2094° lugar,MICROSECCION
19,NUEVO LEON,7,20,18,GARCIA,3190,896,2095° lugar,MICROSECCION
19,NUEVO LEON,13,21,12,CIENEGA DE FLORES,234,894,2096° lugar,MICROSECCION
19,NUEVO LEON,4,10,47,SAN NICOLAS DE LOS GARZA,1846,894,2097° lugar,MICROSECCION
19,NUEVO LEON,2,16,6,APODACA,2511,894,2098° lugar,MICROSECCION
19,NUEVO LEON,7,20,18,GARCIA,2836,894,2099° lugar,MICROSECCION
19,NUEVO LEON,7,12,18,GARCIA,2298,893,2100° lugar,MICROSECCION
19,NUEVO LEON,2,5,6,APODACA,2503,892,2101° lugar,MICROSECCION
19,NUEVO LEON,10,6,40,MONTERREY,1233,891,2102° lugar,MICROSECCION
19,NUEVO LEON,9,24,49,SANTIAGO,2102,891,2103° lugar,MICROSECCION
19,NUEVO LEON,2,5,6,APODACA,2485,891,2104° lugar,MICROSECCION
19,NUEVO LEON,9,24,17,GALEANA,340,890,2105° lugar,MICROSECCION
19,NUEVO LEON,11,15,26,GUADALUPE,579,890,2106° lugar,MICROSECCION
19,NUEVO LEON,6,6,40,MONTERREY,1034,889,2107° lugar,MICROSECCION
19,NUEVO LEON,7,12,18,GARCIA,2293,888,2108° lugar,MICROSECCION
19,NUEVO LEON,7,20,18,GARCIA,2599,888,2109° lugar,MICROSECCION
19,NUEVO LEON,14,21,25,GRAL. ZUAZUA,2626,888,2110° lugar,MICROSECCION
19,NUEVO LEON,10,8,40,MONTERREY,1379,887,2111° lugar,MICROSECCION
19,NUEVO LEON,8,7,6,APODACA,2254,885,2112° lugar,MICROSECCION
19,NUEVO LEON,6,2,40,MONTERREY,992,884,2113° lugar,MICROSECCION
19,NUEVO LEON,6,3,40,MONTERREY,1036,884,2114° lugar,MICROSECCION
19,NUEVO LEON,6,6,40,MONTERREY,1635,884,2115° lugar,MICROSECCION
19,NUEVO LEON,2,16,6,APODACA,2181,884,2116° lugar,MICROSECCION
19,NUEVO LEON,2,5,6,APODACA,2453,884,2117° lugar,MICROSECCION
19,NUEVO LEON,14,11,23,GRAL. TREVIðO,517,882,2118° lugar,MICROSECCION
19,NUEVO LEON,9,24,34,LINARES,885,882,2119° lugar,MICROSECCION
19,NUEVO LEON,2,16,6,APODACA,2194,882,2120° lugar,MICROSECCION
19,NUEVO LEON,7,20,18,GARCIA,3175,882,2121° lugar,MICROSECCION
19,NUEVO LEON,3,17,21,GRAL. ESCOBEDO,468,881,2122° lugar,MICROSECCION
19,NUEVO LEON,6,6,40,MONTERREY,1126,881,2123° lugar,MICROSECCION
19,NUEVO LEON,12,23,32,JUAREZ,2312,881,2124° lugar,MICROSECCION
19,NUEVO LEON,10,6,40,MONTERREY,1154,880,2125° lugar,MICROSECCION
19,NUEVO LEON,9,24,17,GALEANA,342,879,2126° lugar,MICROSECCION
19,NUEVO LEON,12,22,32,JUAREZ,3239,879,2127° lugar,MICROSECCION
19,NUEVO LEON,11,15,26,GUADALUPE,590,877,2128° lugar,MICROSECCION
19,NUEVO LEON,3,25,21,GRAL. ESCOBEDO,2517,877,2129° lugar,MICROSECCION
19,NUEVO LEON,4,10,47,SAN NICOLAS DE LOS GARZA,1867,876,2130° lugar,MICROSECCION
19,NUEVO LEON,2,5,6,APODACA,2472,876,2131° lugar,MICROSECCION
19,NUEVO LEON,10,8,40,MONTERREY,1354,874,2132° lugar,MICROSECCION
19,NUEVO LEON,7,20,18,GARCIA,2616,873,2133° lugar,MICROSECCION
19,NUEVO LEON,3,25,21,GRAL. ESCOBEDO,2747,873,2134° lugar,MICROSECCION
19,NUEVO LEON,14,11,42,PESQUERIA,3275,872,2135° lugar,MICROSECCION
19,NUEVO LEON,4,10,47,SAN NICOLAS DE LOS GARZA,1830,871,2136° lugar,MICROSECCION
19,NUEVO LEON,4,9,47,SAN NICOLAS DE LOS GARZA,1956,871,2137° lugar,MICROSECCION
19,NUEVO LEON,14,11,42,PESQUERIA,3273,871,2138° lugar,MICROSECCION
19,NUEVO LEON,11,15,26,GUADALUPE,569,870,2139° lugar,MICROSECCION
19,NUEVO LEON,13,21,45,SABINAS HIDALGO,2412,870,2140° lugar,MICROSECCION
19,NUEVO LEON,14,26,9,CADEREYTA JIMENEZ,193,869,2141° lugar,MICROSECCION
19,NUEVO LEON,9,26,39,MONTEMORELOS,936,869,2142° lugar,MICROSECCION
19,NUEVO LEON,6,6,40,MONTERREY,1069,868,2143° lugar,MICROSECCION
19,NUEVO LEON,2,5,6,APODACA,2490,868,2144° lugar,MICROSECCION
19,NUEVO LEON,12,22,32,JUAREZ,2367,867,2145° lugar,MICROSECCION
19,NUEVO LEON,9,26,4,ALLENDE,38,862,2146° lugar,MICROSECCION
19,NUEVO LEON,14,11,42,PESQUERIA,3259,862,2147° lugar,MICROSECCION
19,NUEVO LEON,11,15,26,GUADALUPE,551,861,2148° lugar,MICROSECCION
19,NUEVO LEON,13,4,28,HIDALGO,818,861,2149° lugar,MICROSECCION
19,NUEVO LEON,6,3,40,MONTERREY,1010,861,2150° lugar,MICROSECCION
19,NUEVO LEON,6,6,40,MONTERREY,1052,861,2151° lugar,MICROSECCION
19,NUEVO LEON,4,9,47,SAN NICOLAS DE LOS GARZA,1922,861,2152° lugar,MICROSECCION
19,NUEVO LEON,9,24,14,DR. ARROYO,292,860,2153° lugar,MICROSECCION
19,NUEVO LEON,7,12,18,GARCIA,2288,860,2154° lugar,MICROSECCION
19,NUEVO LEON,9,24,34,LINARES,861,859,2155° lugar,MICROSECCION
19,NUEVO LEON,3,25,21,GRAL. ESCOBEDO,2138,859,2156° lugar,MICROSECCION
19,NUEVO LEON,7,20,18,GARCIA,2608,859,2157° lugar,MICROSECCION
19,NUEVO LEON,14,21,25,GRAL. ZUAZUA,2648,858,2158° lugar,MICROSECCION
19,NUEVO LEON,11,15,26,GUADALUPE,540,857,2159° lugar,MICROSECCION
19,NUEVO LEON,12,22,32,JUAREZ,2382,856,2160° lugar,MICROSECCION
19,NUEVO LEON,3,25,21,GRAL. ESCOBEDO,2516,856,2161° lugar,MICROSECCION
19,NUEVO LEON,12,22,32,JUAREZ,2351,855,2162° lugar,MICROSECCION
19,NUEVO LEON,14,21,25,GRAL. ZUAZUA,2637,855,2163° lugar,MICROSECCION
19,NUEVO LEON,11,15,26,GUADALUPE,663,854,2164° lugar,MICROSECCION
19,NUEVO LEON,4,25,21,GRAL. ESCOBEDO,2537,854,2165° lugar,MICROSECCION
19,NUEVO LEON,12,22,32,JUAREZ,2371,852,2166° lugar,MICROSECCION
19,NUEVO LEON,2,5,6,APODACA,2508,850,2167° lugar,MICROSECCION
19,NUEVO LEON,9,24,30,HUALAHUISES,824,849,2168° lugar,MICROSECCION
19,NUEVO LEON,14,21,25,GRAL. ZUAZUA,2644,849,2169° lugar,MICROSECCION
19,NUEVO LEON,14,11,42,PESQUERIA,2886,848,2170° lugar,MICROSECCION
19,NUEVO LEON,10,6,40,MONTERREY,1304,847,2171° lugar,MICROSECCION
19,NUEVO LEON,9,11,22,GRAL. TERAN,502,846,2172° lugar,MICROSECCION
19,NUEVO LEON,13,21,45,SABINAS HIDALGO,2413,846,2173° lugar,MICROSECCION
19,NUEVO LEON,6,3,40,MONTERREY,1035,845,2174° lugar,MICROSECCION
19,NUEVO LEON,6,6,40,MONTERREY,1054,844,2175° lugar,MICROSECCION
19,NUEVO LEON,14,21,25,GRAL. ZUAZUA,2646,844,2176° lugar,MICROSECCION
19,NUEVO LEON,10,6,40,MONTERREY,1243,842,2177° lugar,MICROSECCION
19,NUEVO LEON,4,10,47,SAN NICOLAS DE LOS GARZA,1829,842,2178° lugar,MICROSECCION
19,NUEVO LEON,2,5,6,APODACA,2448,842,2179° lugar,MICROSECCION
19,NUEVO LEON,2,5,6,APODACA,2488,842,2180° lugar,MICROSECCION
19,NUEVO LEON,2,16,6,APODACA,2491,842,2181° lugar,MICROSECCION
19,NUEVO LEON,13,21,5,ANAHUAC,44,841,2182° lugar,MICROSECCION
19,NUEVO LEON,12,22,32,JUAREZ,2339,841,2183° lugar,MICROSECCION
19,NUEVO LEON,2,5,6,APODACA,2494,839,2184° lugar,MICROSECCION
19,NUEVO LEON,12,22,32,JUAREZ,2384,837,2185° lugar,MICROSECCION
19,NUEVO LEON,2,5,6,APODACA,2476,837,2186° lugar,MICROSECCION
19,NUEVO LEON,12,23,32,JUAREZ,3226,837,2187° lugar,MICROSECCION
19,NUEVO LEON,12,23,32,JUAREZ,2336,836,2188° lugar,MICROSECCION
19,NUEVO LEON,2,16,6,APODACA,72,835,2189° lugar,MICROSECCION
19,NUEVO LEON,7,20,18,GARCIA,2560,835,2190° lugar,MICROSECCION
19,NUEVO LEON,14,21,25,GRAL. ZUAZUA,2639,835,2191° lugar,MICROSECCION
19,NUEVO LEON,12,23,32,JUAREZ,2910,835,2192° lugar,MICROSECCION
19,NUEVO LEON,3,17,21,GRAL. ESCOBEDO,478,834,2193° lugar,MICROSECCION
19,NUEVO LEON,10,6,40,MONTERREY,1305,834,2194° lugar,MICROSECCION
19,NUEVO LEON,14,21,25,GRAL. ZUAZUA,2636,834,2195° lugar,MICROSECCION
19,NUEVO LEON,10,6,40,MONTERREY,1660,833,2196° lugar,MICROSECCION
19,NUEVO LEON,14,21,25,GRAL. ZUAZUA,2643,833,2197° lugar,MICROSECCION
19,NUEVO LEON,9,24,17,GALEANA,334,830,2198° lugar,MICROSECCION
19,NUEVO LEON,10,6,40,MONTERREY,1343,830,2199° lugar,MICROSECCION
19,NUEVO LEON,2,16,6,APODACA,2193,830,2200° lugar,MICROSECCION
19,NUEVO LEON,3,17,21,GRAL. ESCOBEDO,465,829,2201° lugar,MICROSECCION
19,NUEVO LEON,12,23,32,JUAREZ,2325,829,2202° lugar,MICROSECCION
19,NUEVO LEON,7,20,18,GARCIA,3181,829,2203° lugar,MICROSECCION
19,NUEVO LEON,6,6,40,MONTERREY,1001,828,2204° lugar,MICROSECCION
19,NUEVO LEON,6,6,40,MONTERREY,1636,828,2205° lugar,MICROSECCION
19,NUEVO LEON,4,9,47,SAN NICOLAS DE LOS GARZA,1914,828,2206° lugar,MICROSECCION
19,NUEVO LEON,2,16,6,APODACA,2176,827,2207° lugar,MICROSECCION
19,NUEVO LEON,14,21,25,GRAL. ZUAZUA,2652,827,2208° lugar,MICROSECCION
19,NUEVO LEON,2,5,6,APODACA,2473,826,2209° lugar,MICROSECCION
19,NUEVO LEON,6,2,40,MONTERREY,1611,825,2210° lugar,MICROSECCION
19,NUEVO LEON,12,23,32,JUAREZ,2321,825,2211° lugar,MICROSECCION
19,NUEVO LEON,10,8,40,MONTERREY,1348,824,2212° lugar,MICROSECCION
19,NUEVO LEON,4,9,47,SAN NICOLAS DE LOS GARZA,1923,824,2213° lugar,MICROSECCION
19,NUEVO LEON,12,22,32,JUAREZ,2369,823,2214° lugar,MICROSECCION
19,NUEVO LEON,13,21,5,ANAHUAC,46,822,2215° lugar,MICROSECCION
19,NUEVO LEON,9,24,31,ITURBIDE,832,822,2216° lugar,MICROSECCION
19,NUEVO LEON,10,6,40,MONTERREY,1679,822,2217° lugar,MICROSECCION
19,NUEVO LEON,2,5,6,APODACA,2502,822,2218° lugar,MICROSECCION
19,NUEVO LEON,12,23,32,JUAREZ,2344,821,2219° lugar,MICROSECCION
19,NUEVO LEON,13,21,5,ANAHUAC,47,820,2220° lugar,MICROSECCION
19,NUEVO LEON,14,11,20,GRAL. BRAVO,420,819,2221° lugar,MICROSECCION
19,NUEVO LEON,2,16,6,APODACA,2432,819,2222° lugar,MICROSECCION
19,NUEVO LEON,6,2,40,MONTERREY,993,818,2223° lugar,MICROSECCION
19,NUEVO LEON,12,23,32,JUAREZ,2676,818,2224° lugar,MICROSECCION
19,NUEVO LEON,1,19,48,SANTA CATARINA,2023,817,2225° lugar,MICROSECCION
19,NUEVO LEON,7,12,18,GARCIA,2294,817,2226° lugar,MICROSECCION
19,NUEVO LEON,13,21,5,ANAHUAC,41,816,2227° lugar,MICROSECCION
19,NUEVO LEON,11,15,26,GUADALUPE,660,816,2228° lugar,MICROSECCION
19,NUEVO LEON,2,16,6,APODACA,2492,815,2229° lugar,MICROSECCION
19,NUEVO LEON,14,21,25,GRAL. ZUAZUA,2638,815,2230° lugar,MICROSECCION
19,NUEVO LEON,4,9,47,SAN NICOLAS DE LOS GARZA,1982,814,2231° lugar,MICROSECCION
19,NUEVO LEON,9,24,49,SANTIAGO,2090,814,2232° lugar,MICROSECCION
19,NUEVO LEON,2,5,6,APODACA,2487,814,2233° lugar,MICROSECCION
19,NUEVO LEON,5,2,40,MONTERREY,1614,812,2234° lugar,MICROSECCION
19,NUEVO LEON,10,6,40,MONTERREY,1661,812,2235° lugar,MICROSECCION
19,NUEVO LEON,2,16,6,APODACA,2167,812,2236° lugar,MICROSECCION
19,NUEVO LEON,6,3,40,MONTERREY,1116,811,2237° lugar,MICROSECCION
19,NUEVO LEON,12,22,32,JUAREZ,2365,811,2238° lugar,MICROSECCION
19,NUEVO LEON,2,16,6,APODACA,83,810,2239° lugar,MICROSECCION
19,NUEVO LEON,11,15,26,GUADALUPE,568,808,2240° lugar,MICROSECCION
19,NUEVO LEON,10,6,40,MONTERREY,1286,808,2241° lugar,MICROSECCION
19,NUEVO LEON,8,14,26,GUADALUPE,2732,808,2242° lugar,MICROSECCION
19,NUEVO LEON,8,7,6,APODACA,2257,807,2243° lugar,MICROSECCION
19,NUEVO LEON,7,20,18,GARCIA,2612,807,2244° lugar,MICROSECCION
19,NUEVO LEON,4,25,21,GRAL. ESCOBEDO,2534,805,2245° lugar,MICROSECCION
19,NUEVO LEON,2,16,6,APODACA,2419,802,2246° lugar,MICROSECCION
19,NUEVO LEON,12,22,32,JUAREZ,3248,802,2247° lugar,MICROSECCION
19,NUEVO LEON,3,17,21,GRAL. ESCOBEDO,460,801,2248° lugar,MICROSECCION
19,NUEVO LEON,7,20,18,GARCIA,2576,801,2249° lugar,MICROSECCION
19,NUEVO LEON,1,18,19,SAN PEDRO GARZA GARCIA,395,800,2250° lugar,MICROSECCION
19,NUEVO LEON,12,23,32,JUAREZ,2327,798,2251° lugar,MICROSECCION
19,NUEVO LEON,14,21,25,GRAL. ZUAZUA,2647,798,2252° lugar,MICROSECCION
19,NUEVO LEON,7,20,18,GARCIA,3179,798,2253° lugar,MICROSECCION
19,NUEVO LEON,6,2,40,MONTERREY,986,797,2254° lugar,MICROSECCION
19,NUEVO LEON,5,2,40,MONTERREY,1621,797,2255° lugar,MICROSECCION
19,NUEVO LEON,9,24,17,GALEANA,345,795,2256° lugar,MICROSECCION
19,NUEVO LEON,6,6,40,MONTERREY,1227,795,2257° lugar,MICROSECCION
19,NUEVO LEON,2,5,6,APODACA,2504,794,2258° lugar,MICROSECCION
19,NUEVO LEON,14,11,16,DR. GONZALEZ,307,793,2259° lugar,MICROSECCION
19,NUEVO LEON,11,15,26,GUADALUPE,761,793,2260° lugar,MICROSECCION
19,NUEVO LEON,9,24,24,GRAL. ZARAGOZA,522,790,2261° lugar,MICROSECCION
19,NUEVO LEON,8,7,6,APODACA,2222,790,2262° lugar,MICROSECCION
19,NUEVO LEON,2,5,6,APODACA,2441,790,2263° lugar,MICROSECCION
19,NUEVO LEON,4,9,47,SAN NICOLAS DE LOS GARZA,1948,788,2264° lugar,MICROSECCION
19,NUEVO LEON,12,23,32,JUAREZ,2690,788,2265° lugar,MICROSECCION
19,NUEVO LEON,12,22,32,JUAREZ,2402,787,2266° lugar,MICROSECCION
19,NUEVO LEON,2,16,6,APODACA,2433,787,2267° lugar,MICROSECCION
19,NUEVO LEON,14,26,9,CADEREYTA JIMENEZ,185,785,2268° lugar,MICROSECCION
19,NUEVO LEON,4,9,47,SAN NICOLAS DE LOS GARZA,1938,784,2269° lugar,MICROSECCION
19,NUEVO LEON,2,5,6,APODACA,2507,784,2270° lugar,MICROSECCION
19,NUEVO LEON,6,6,40,MONTERREY,1100,783,2271° lugar,MICROSECCION
19,NUEVO LEON,9,24,49,SANTIAGO,2109,783,2272° lugar,MICROSECCION
19,NUEVO LEON,2,5,6,APODACA,2477,783,2273° lugar,MICROSECCION
19,NUEVO LEON,12,23,32,JUAREZ,2338,782,2274° lugar,MICROSECCION
19,NUEVO LEON,14,11,42,PESQUERIA,3267,782,2275° lugar,MICROSECCION
19,NUEVO LEON,6,3,40,MONTERREY,2717,779,2276° lugar,MICROSECCION
19,NUEVO LEON,14,21,25,GRAL. ZUAZUA,2627,777,2277° lugar,MICROSECCION
19,NUEVO LEON,2,16,6,APODACA,2184,775,2278° lugar,MICROSECCION
19,NUEVO LEON,11,15,26,GUADALUPE,550,774,2279° lugar,MICROSECCION
19,NUEVO LEON,8,7,6,APODACA,2203,774,2280° lugar,MICROSECCION
19,NUEVO LEON,2,5,6,APODACA,2497,774,2281° lugar,MICROSECCION
19,NUEVO LEON,6,3,40,MONTERREY,1088,773,2282° lugar,MICROSECCION
19,NUEVO LEON,9,24,49,SANTIAGO,2110,773,2283° lugar,MICROSECCION
19,NUEVO LEON,3,17,21,GRAL. ESCOBEDO,486,771,2284° lugar,MICROSECCION
19,NUEVO LEON,4,10,47,SAN NICOLAS DE LOS GARZA,1800,771,2285° lugar,MICROSECCION
19,NUEVO LEON,2,5,6,APODACA,2452,771,2286° lugar,MICROSECCION
19,NUEVO LEON,7,20,18,GARCIA,2613,771,2287° lugar,MICROSECCION
19,NUEVO LEON,1,18,19,SAN PEDRO GARZA GARCIA,381,770,2288° lugar,MICROSECCION
19,NUEVO LEON,12,22,32,JUAREZ,2385,769,2289° lugar,MICROSECCION
19,NUEVO LEON,10,8,40,MONTERREY,1361,768,2290° lugar,MICROSECCION
19,NUEVO LEON,12,23,32,JUAREZ,2311,768,2291° lugar,MICROSECCION
19,NUEVO LEON,10,6,40,MONTERREY,1220,767,2292° lugar,MICROSECCION
19,NUEVO LEON,14,11,13,CHINA,238,766,2293° lugar,MICROSECCION
19,NUEVO LEON,14,11,35,MARIN,909,766,2294° lugar,MICROSECCION
19,NUEVO LEON,4,9,47,SAN NICOLAS DE LOS GARZA,1952,765,2295° lugar,MICROSECCION
19,NUEVO LEON,8,7,6,APODACA,2206,765,2296° lugar,MICROSECCION
19,NUEVO LEON,13,4,10,CARMEN,3070,765,2297° lugar,MICROSECCION
19,NUEVO LEON,10,6,40,MONTERREY,1651,764,2298° lugar,MICROSECCION
19,NUEVO LEON,12,22,32,JUAREZ,2355,764,2299° lugar,MICROSECCION
19,NUEVO LEON,6,6,40,MONTERREY,997,763,2300° lugar,MICROSECCION
19,NUEVO LEON,4,9,47,SAN NICOLAS DE LOS GARZA,1942,763,2301° lugar,MICROSECCION
19,NUEVO LEON,7,12,18,GARCIA,2295,763,2302° lugar,MICROSECCION
19,NUEVO LEON,3,25,21,GRAL. ESCOBEDO,2523,763,2303° lugar,MICROSECCION
19,NUEVO LEON,9,24,14,DR. ARROYO,275,762,2304° lugar,MICROSECCION
19,NUEVO LEON,10,6,40,MONTERREY,1656,762,2305° lugar,MICROSECCION
19,NUEVO LEON,9,24,7,ARAMBERRI,160,761,2306° lugar,MICROSECCION
19,NUEVO LEON,10,6,40,MONTERREY,1223,761,2307° lugar,MICROSECCION
19,NUEVO LEON,4,10,47,SAN NICOLAS DE LOS GARZA,1835,760,2308° lugar,MICROSECCION
19,NUEVO LEON,4,10,47,SAN NICOLAS DE LOS GARZA,1818,759,2309° lugar,MICROSECCION
19,NUEVO LEON,3,25,21,GRAL. ESCOBEDO,2545,759,2310° lugar,MICROSECCION
19,NUEVO LEON,14,21,25,GRAL. ZUAZUA,2651,759,2311° lugar,MICROSECCION
19,NUEVO LEON,9,24,7,ARAMBERRI,162,758,2312° lugar,MICROSECCION
19,NUEVO LEON,12,23,32,JUAREZ,2316,756,2313° lugar,MICROSECCION
19,NUEVO LEON,1,19,48,SANTA CATARINA,2026,755,2314° lugar,MICROSECCION
19,NUEVO LEON,8,7,6,APODACA,2223,754,2315° lugar,MICROSECCION
19,NUEVO LEON,11,15,26,GUADALUPE,631,751,2316° lugar,MICROSECCION
19,NUEVO LEON,13,21,45,SABINAS HIDALGO,1742,749,2317° lugar,MICROSECCION
19,NUEVO LEON,9,26,4,ALLENDE,37,748,2318° lugar,MICROSECCION
19,NUEVO LEON,14,11,43,LOS RAMONES,1712,747,2319° lugar,MICROSECCION
19,NUEVO LEON,2,5,6,APODACA,2500,747,2320° lugar,MICROSECCION
19,NUEVO LEON,7,20,18,GARCIA,2617,747,2321° lugar,MICROSECCION
19,NUEVO LEON,12,22,32,JUAREZ,3242,747,2322° lugar,MICROSECCION
19,NUEVO LEON,14,26,9,CADEREYTA JIMENEZ,192,746,2323° lugar,MICROSECCION
19,NUEVO LEON,9,11,22,GRAL. TERAN,503,746,2324° lugar,MICROSECCION
19,NUEVO LEON,12,23,32,JUAREZ,843,746,2325° lugar,MICROSECCION
19,NUEVO LEON,6,6,40,MONTERREY,1025,746,2326° lugar,MICROSECCION
19,NUEVO LEON,10,6,40,MONTERREY,1240,746,2327° lugar,MICROSECCION
19,NUEVO LEON,9,26,4,ALLENDE,31,743,2328° lugar,MICROSECCION
19,NUEVO LEON,8,7,6,APODACA,2221,743,2329° lugar,MICROSECCION
19,NUEVO LEON,10,6,40,MONTERREY,1663,742,2330° lugar,MICROSECCION
19,NUEVO LEON,12,23,32,JUAREZ,2326,742,2331° lugar,MICROSECCION
19,NUEVO LEON,12,23,32,JUAREZ,2694,742,2332° lugar,MICROSECCION
19,NUEVO LEON,7,12,18,GARCIA,2299,741,2333° lugar,MICROSECCION
19,NUEVO LEON,13,21,5,ANAHUAC,45,740,2334° lugar,MICROSECCION
19,NUEVO LEON,6,6,40,MONTERREY,1123,740,2335° lugar,MICROSECCION
19,NUEVO LEON,13,21,45,SABINAS HIDALGO,1735,740,2336° lugar,MICROSECCION
19,NUEVO LEON,6,3,40,MONTERREY,1085,738,2337° lugar,MICROSECCION
19,NUEVO LEON,4,9,47,SAN NICOLAS DE LOS GARZA,1981,738,2338° lugar,MICROSECCION
19,NUEVO LEON,7,12,18,GARCIA,2289,738,2339° lugar,MICROSECCION
19,NUEVO LEON,6,6,40,MONTERREY,994,737,2340° lugar,MICROSECCION
19,NUEVO LEON,1,18,48,SANTA CATARINA,2062,737,2341° lugar,MICROSECCION
19,NUEVO LEON,2,16,6,APODACA,2493,737,2342° lugar,MICROSECCION
19,NUEVO LEON,7,12,18,GARCIA,2285,734,2343° lugar,MICROSECCION
19,NUEVO LEON,12,23,32,JUAREZ,2682,734,2344° lugar,MICROSECCION
19,NUEVO LEON,13,4,8,BUSTAMANTE,168,733,2345° lugar,MICROSECCION
19,NUEVO LEON,6,6,40,MONTERREY,1032,733,2346° lugar,MICROSECCION
19,NUEVO LEON,12,23,32,JUAREZ,3227,733,2347° lugar,MICROSECCION
19,NUEVO LEON,9,26,39,MONTEMORELOS,954,730,2348° lugar,MICROSECCION
19,NUEVO LEON,13,21,2,AGUALEGUAS,5,729,2349° lugar,MICROSECCION
19,NUEVO LEON,14,21,25,GRAL. ZUAZUA,2655,728,2350° lugar,MICROSECCION
19,NUEVO LEON,10,6,40,MONTERREY,1294,727,2351° lugar,MICROSECCION
19,NUEVO LEON,1,19,48,SANTA CATARINA,2794,727,2352° lugar,MICROSECCION
19,NUEVO LEON,1,18,19,SAN PEDRO GARZA GARCIA,396,726,2353° lugar,MICROSECCION
19,NUEVO LEON,6,3,40,MONTERREY,1040,725,2354° lugar,MICROSECCION
19,NUEVO LEON,10,6,40,MONTERREY,1671,724,2355° lugar,MICROSECCION
19,NUEVO LEON,12,23,32,JUAREZ,2315,724,2356° lugar,MICROSECCION
19,NUEVO LEON,11,15,26,GUADALUPE,559,723,2357° lugar,MICROSECCION
19,NUEVO LEON,14,11,13,CHINA,237,722,2358° lugar,MICROSECCION
19,NUEVO LEON,12,23,32,JUAREZ,2686,722,2359° lugar,MICROSECCION
19,NUEVO LEON,7,20,18,GARCIA,3186,722,2360° lugar,MICROSECCION
19,NUEVO LEON,10,6,40,MONTERREY,1296,721,2361° lugar,MICROSECCION
19,NUEVO LEON,9,24,14,DR. ARROYO,283,720,2362° lugar,MICROSECCION
19,NUEVO LEON,10,6,40,MONTERREY,1291,720,2363° lugar,MICROSECCION
19,NUEVO LEON,3,25,21,GRAL. ESCOBEDO,2522,720,2364° lugar,MICROSECCION
19,NUEVO LEON,7,20,18,GARCIA,2603,720,2365° lugar,MICROSECCION
19,NUEVO LEON,14,11,42,PESQUERIA,3263,720,2366° lugar,MICROSECCION
19,NUEVO LEON,10,6,40,MONTERREY,1690,719,2367° lugar,MICROSECCION
19,NUEVO LEON,13,4,51,VILLALDAMA,2120,719,2368° lugar,MICROSECCION
19,NUEVO LEON,9,24,7,ARAMBERRI,156,718,2369° lugar,MICROSECCION
19,NUEVO LEON,9,11,22,GRAL. TERAN,507,718,2370° lugar,MICROSECCION
19,NUEVO LEON,4,9,47,SAN NICOLAS DE LOS GARZA,1930,716,2371° lugar,MICROSECCION
19,NUEVO LEON,9,24,30,HUALAHUISES,823,715,2372° lugar,MICROSECCION
19,NUEVO LEON,12,23,32,JUAREZ,2345,715,2373° lugar,MICROSECCION
19,NUEVO LEON,7,20,18,GARCIA,2554,714,2374° lugar,MICROSECCION
19,NUEVO LEON,13,21,12,CIENEGA DE FLORES,2856,714,2375° lugar,MICROSECCION
19,NUEVO LEON,8,7,6,APODACA,2246,713,2376° lugar,MICROSECCION
19,NUEVO LEON,12,23,32,JUAREZ,2692,713,2377° lugar,MICROSECCION
19,NUEVO LEON,6,3,40,MONTERREY,1050,712,2378° lugar,MICROSECCION
19,NUEVO LEON,3,25,21,GRAL. ESCOBEDO,2524,712,2379° lugar,MICROSECCION
19,NUEVO LEON,6,6,40,MONTERREY,1033,711,2380° lugar,MICROSECCION
19,NUEVO LEON,6,3,40,MONTERREY,1039,711,2381° lugar,MICROSECCION
19,NUEVO LEON,4,9,47,SAN NICOLAS DE LOS GARZA,1992,710,2382° lugar,MICROSECCION
19,NUEVO LEON,6,6,40,MONTERREY,996,709,2383° lugar,MICROSECCION
19,NUEVO LEON,4,9,47,SAN NICOLAS DE LOS GARZA,1916,709,2384° lugar,MICROSECCION
19,NUEVO LEON,13,4,8,BUSTAMANTE,170,708,2385° lugar,MICROSECCION
19,NUEVO LEON,9,26,4,ALLENDE,24,705,2386° lugar,MICROSECCION
19,NUEVO LEON,6,6,40,MONTERREY,1000,705,2387° lugar,MICROSECCION
19,NUEVO LEON,6,6,40,MONTERREY,1637,705,2388° lugar,MICROSECCION
19,NUEVO LEON,6,6,40,MONTERREY,1120,704,2389° lugar,MICROSECCION
19,NUEVO LEON,9,24,14,DR. ARROYO,288,703,2390° lugar,MICROSECCION
19,NUEVO LEON,6,6,40,MONTERREY,998,703,2391° lugar,MICROSECCION
19,NUEVO LEON,10,6,40,MONTERREY,1222,703,2392° lugar,MICROSECCION
19,NUEVO LEON,10,6,40,MONTERREY,1339,702,2393° lugar,MICROSECCION
19,NUEVO LEON,4,9,47,SAN NICOLAS DE LOS GARZA,1906,702,2394° lugar,MICROSECCION
19,NUEVO LEON,2,5,6,APODACA,2483,700,2395° lugar,MICROSECCION
19,NUEVO LEON,3,25,21,GRAL. ESCOBEDO,2521,700,2396° lugar,MICROSECCION
19,NUEVO LEON,3,25,21,GRAL. ESCOBEDO,2525,700,2397° lugar,MICROSECCION
19,NUEVO LEON,10,6,40,MONTERREY,1319,698,2398° lugar,MICROSECCION
19,NUEVO LEON,14,11,42,PESQUERIA,2897,698,2399° lugar,MICROSECCION
19,NUEVO LEON,14,26,9,CADEREYTA JIMENEZ,203,697,2400° lugar,MICROSECCION
19,NUEVO LEON,8,7,6,APODACA,2237,696,2401° lugar,MICROSECCION
19,NUEVO LEON,12,23,32,JUAREZ,2318,695,2402° lugar,MICROSECCION
19,NUEVO LEON,4,25,21,GRAL. ESCOBEDO,2541,695,2403° lugar,MICROSECCION
19,NUEVO LEON,4,9,47,SAN NICOLAS DE LOS GARZA,1995,692,2404° lugar,MICROSECCION
19,NUEVO LEON,2,5,6,APODACA,2446,691,2405° lugar,MICROSECCION
19,NUEVO LEON,6,6,40,MONTERREY,1024,690,2406° lugar,MICROSECCION
19,NUEVO LEON,6,3,40,MONTERREY,1089,690,2407° lugar,MICROSECCION
19,NUEVO LEON,3,25,21,GRAL. ESCOBEDO,2544,689,2408° lugar,MICROSECCION
19,NUEVO LEON,14,26,9,CADEREYTA JIMENEZ,2739,689,2409° lugar,MICROSECCION
19,NUEVO LEON,13,21,45,SABINAS HIDALGO,2415,688,2410° lugar,MICROSECCION
19,NUEVO LEON,13,4,10,CARMEN,3073,688,2411° lugar,MICROSECCION
19,NUEVO LEON,6,6,40,MONTERREY,1067,687,2412° lugar,MICROSECCION
19,NUEVO LEON,14,11,42,PESQUERIA,3260,687,2413° lugar,MICROSECCION
19,NUEVO LEON,8,7,6,APODACA,2232,686,2414° lugar,MICROSECCION
19,NUEVO LEON,7,20,18,GARCIA,3168,686,2415° lugar,MICROSECCION
19,NUEVO LEON,8,7,6,APODACA,2249,685,2416° lugar,MICROSECCION
19,NUEVO LEON,14,21,25,GRAL. ZUAZUA,2653,685,2417° lugar,MICROSECCION
19,NUEVO LEON,9,24,17,GALEANA,316,683,2418° lugar,MICROSECCION
19,NUEVO LEON,11,15,26,GUADALUPE,547,683,2419° lugar,MICROSECCION
19,NUEVO LEON,11,15,26,GUADALUPE,563,682,2420° lugar,MICROSECCION
19,NUEVO LEON,12,23,32,JUAREZ,2341,682,2421° lugar,MICROSECCION
19,NUEVO LEON,7,20,18,GARCIA,2568,681,2422° lugar,MICROSECCION
19,NUEVO LEON,4,9,47,SAN NICOLAS DE LOS GARZA,1933,680,2423° lugar,MICROSECCION
19,NUEVO LEON,2,16,6,APODACA,2514,680,2424° lugar,MICROSECCION
19,NUEVO LEON,7,12,18,GARCIA,2291,679,2425° lugar,MICROSECCION
19,NUEVO LEON,14,21,25,GRAL. ZUAZUA,2657,679,2426° lugar,MICROSECCION
19,NUEVO LEON,6,3,40,MONTERREY,1086,678,2427° lugar,MICROSECCION
19,NUEVO LEON,10,8,40,MONTERREY,1430,678,2428° lugar,MICROSECCION
19,NUEVO LEON,10,6,40,MONTERREY,1652,678,2429° lugar,MICROSECCION
19,NUEVO LEON,10,6,40,MONTERREY,1672,678,2430° lugar,MICROSECCION
19,NUEVO LEON,8,7,6,APODACA,2267,677,2431° lugar,MICROSECCION
19,NUEVO LEON,10,6,40,MONTERREY,1325,676,2432° lugar,MICROSECCION
19,NUEVO LEON,2,5,6,APODACA,2478,676,2433° lugar,MICROSECCION
19,NUEVO LEON,3,25,21,GRAL. ESCOBEDO,2520,675,2434° lugar,MICROSECCION
19,NUEVO LEON,9,24,14,DR. ARROYO,270,674,2435° lugar,MICROSECCION
19,NUEVO LEON,11,15,26,GUADALUPE,659,674,2436° lugar,MICROSECCION
19,NUEVO LEON,11,15,26,GUADALUPE,545,673,2437° lugar,MICROSECCION
19,NUEVO LEON,9,24,37,MIER Y NORIEGA,914,673,2438° lugar,MICROSECCION
19,NUEVO LEON,14,21,25,GRAL. ZUAZUA,2641,673,2439° lugar,MICROSECCION
19,NUEVO LEON,9,26,39,MONTEMORELOS,958,672,2440° lugar,MICROSECCION
19,NUEVO LEON,10,6,40,MONTERREY,1655,672,2441° lugar,MICROSECCION
19,NUEVO LEON,11,15,26,GUADALUPE,658,671,2442° lugar,MICROSECCION
19,NUEVO LEON,14,21,25,GRAL. ZUAZUA,2632,669,2443° lugar,MICROSECCION
19,NUEVO LEON,12,22,32,JUAREZ,2378,668,2444° lugar,MICROSECCION
19,NUEVO LEON,2,5,6,APODACA,2512,668,2445° lugar,MICROSECCION
19,NUEVO LEON,6,6,40,MONTERREY,1078,667,2446° lugar,MICROSECCION
19,NUEVO LEON,6,6,40,MONTERREY,1638,667,2447° lugar,MICROSECCION
19,NUEVO LEON,4,9,47,SAN NICOLAS DE LOS GARZA,1915,667,2448° lugar,MICROSECCION
19,NUEVO LEON,13,21,2,AGUALEGUAS,6,665,2449° lugar,MICROSECCION
19,NUEVO LEON,12,23,32,JUAREZ,2314,665,2450° lugar,MICROSECCION
19,NUEVO LEON,9,24,14,DR. ARROYO,282,664,2451° lugar,MICROSECCION
19,NUEVO LEON,13,4,8,BUSTAMANTE,169,663,2452° lugar,MICROSECCION
19,NUEVO LEON,8,7,6,APODACA,2261,662,2453° lugar,MICROSECCION
19,NUEVO LEON,9,24,17,GALEANA,319,661,2454° lugar,MICROSECCION
19,NUEVO LEON,9,24,44,RAYONES,1725,661,2455° lugar,MICROSECCION
19,NUEVO LEON,2,16,6,APODACA,2510,661,2456° lugar,MICROSECCION
19,NUEVO LEON,10,6,40,MONTERREY,1342,659,2457° lugar,MICROSECCION
19,NUEVO LEON,2,5,6,APODACA,113,658,2458° lugar,MICROSECCION
19,NUEVO LEON,9,24,7,ARAMBERRI,165,658,2459° lugar,MICROSECCION
19,NUEVO LEON,11,15,26,GUADALUPE,528,658,2460° lugar,MICROSECCION
19,NUEVO LEON,10,8,40,MONTERREY,1349,658,2461° lugar,MICROSECCION
19,NUEVO LEON,13,4,28,HIDALGO,812,656,2462° lugar,MICROSECCION
19,NUEVO LEON,6,6,40,MONTERREY,1023,656,2463° lugar,MICROSECCION
19,NUEVO LEON,1,19,48,SANTA CATARINA,2025,656,2464° lugar,MICROSECCION
19,NUEVO LEON,8,7,6,APODACA,2256,654,2465° lugar,MICROSECCION
19,NUEVO LEON,8,7,6,APODACA,2260,654,2466° lugar,MICROSECCION
19,NUEVO LEON,2,5,6,APODACA,2482,654,2467° lugar,MICROSECCION
19,NUEVO LEON,9,26,39,MONTEMORELOS,945,652,2468° lugar,MICROSECCION
19,NUEVO LEON,2,5,6,APODACA,2977,652,2469° lugar,MICROSECCION
19,NUEVO LEON,13,21,45,SABINAS HIDALGO,1736,651,2470° lugar,MICROSECCION
19,NUEVO LEON,14,11,27,LOS HERRERAS,808,649,2471° lugar,MICROSECCION
19,NUEVO LEON,6,6,40,MONTERREY,1103,649,2472° lugar,MICROSECCION
19,NUEVO LEON,8,7,6,APODACA,2208,649,2473° lugar,MICROSECCION
19,NUEVO LEON,2,5,6,APODACA,2457,649,2474° lugar,MICROSECCION
19,NUEVO LEON,2,5,6,APODACA,2454,647,2475° lugar,MICROSECCION
19,NUEVO LEON,10,6,40,MONTERREY,1662,646,2476° lugar,MICROSECCION
19,NUEVO LEON,4,10,47,SAN NICOLAS DE LOS GARZA,1839,646,2477° lugar,MICROSECCION
19,NUEVO LEON,7,20,18,GARCIA,2601,646,2478° lugar,MICROSECCION
19,NUEVO LEON,10,6,40,MONTERREY,1246,645,2479° lugar,MICROSECCION
19,NUEVO LEON,10,6,40,MONTERREY,1289,645,2480° lugar,MICROSECCION
19,NUEVO LEON,8,7,6,APODACA,2224,643,2481° lugar,MICROSECCION
19,NUEVO LEON,9,24,17,GALEANA,325,642,2482° lugar,MICROSECCION
19,NUEVO LEON,4,10,47,SAN NICOLAS DE LOS GARZA,1873,642,2483° lugar,MICROSECCION
19,NUEVO LEON,2,16,6,APODACA,2434,642,2484° lugar,MICROSECCION
19,NUEVO LEON,4,25,21,GRAL. ESCOBEDO,2536,642,2485° lugar,MICROSECCION
19,NUEVO LEON,2,5,6,APODACA,3135,642,2486° lugar,MICROSECCION
19,NUEVO LEON,9,26,39,MONTEMORELOS,937,641,2487° lugar,MICROSECCION
19,NUEVO LEON,10,6,40,MONTERREY,1244,641,2488° lugar,MICROSECCION
19,NUEVO LEON,12,22,32,JUAREZ,3237,640,2489° lugar,MICROSECCION
19,NUEVO LEON,13,21,45,SABINAS HIDALGO,1740,639,2490° lugar,MICROSECCION
19,NUEVO LEON,4,10,47,SAN NICOLAS DE LOS GARZA,1817,639,2491° lugar,MICROSECCION
19,NUEVO LEON,4,10,47,SAN NICOLAS DE LOS GARZA,1841,639,2492° lugar,MICROSECCION
19,NUEVO LEON,10,6,40,MONTERREY,1301,638,2493° lugar,MICROSECCION
19,NUEVO LEON,4,10,47,SAN NICOLAS DE LOS GARZA,1822,638,2494° lugar,MICROSECCION
19,NUEVO LEON,7,12,18,GARCIA,2282,637,2495° lugar,MICROSECCION
19,NUEVO LEON,3,25,21,GRAL. ESCOBEDO,2527,635,2496° lugar,MICROSECCION
19,NUEVO LEON,7,20,18,GARCIA,2581,635,2497° lugar,MICROSECCION
19,NUEVO LEON,9,26,39,MONTEMORELOS,962,633,2498° lugar,MICROSECCION
19,NUEVO LEON,10,6,40,MONTERREY,1345,632,2499° lugar,MICROSECCION
19,NUEVO LEON,12,23,32,JUAREZ,2317,631,2500° lugar,MICROSECCION
19,NUEVO LEON,2,16,6,APODACA,2187,630,2501° lugar,MICROSECCION
19,NUEVO LEON,9,24,7,ARAMBERRI,157,629,2502° lugar,MICROSECCION
19,NUEVO LEON,7,20,18,GARCIA,2604,629,2503° lugar,MICROSECCION
19,NUEVO LEON,3,25,21,GRAL. ESCOBEDO,2531,628,2504° lugar,MICROSECCION
19,NUEVO LEON,14,21,25,GRAL. ZUAZUA,2659,628,2505° lugar,MICROSECCION
19,NUEVO LEON,10,6,40,MONTERREY,1344,626,2506° lugar,MICROSECCION
19,NUEVO LEON,10,8,40,MONTERREY,1327,625,2507° lugar,MICROSECCION
19,NUEVO LEON,9,26,39,MONTEMORELOS,969,624,2508° lugar,MICROSECCION
19,NUEVO LEON,10,6,40,MONTERREY,1667,624,2509° lugar,MICROSECCION
19,NUEVO LEON,7,20,18,GARCIA,2605,623,2510° lugar,MICROSECCION
19,NUEVO LEON,12,23,32,JUAREZ,2324,622,2511° lugar,MICROSECCION
19,NUEVO LEON,10,6,40,MONTERREY,1248,620,2512° lugar,MICROSECCION
19,NUEVO LEON,7,20,18,GARCIA,2574,620,2513° lugar,MICROSECCION
19,NUEVO LEON,7,20,18,GARCIA,3172,620,2514° lugar,MICROSECCION
19,NUEVO LEON,10,6,40,MONTERREY,1239,619,2515° lugar,MICROSECCION
19,NUEVO LEON,1,18,48,SANTA CATARINA,2057,619,2516° lugar,MICROSECCION
19,NUEVO LEON,14,11,13,CHINA,256,618,2517° lugar,MICROSECCION
19,NUEVO LEON,9,24,17,GALEANA,313,618,2518° lugar,MICROSECCION
19,NUEVO LEON,4,10,47,SAN NICOLAS DE LOS GARZA,1824,618,2519° lugar,MICROSECCION
19,NUEVO LEON,10,6,40,MONTERREY,1150,617,2520° lugar,MICROSECCION
19,NUEVO LEON,10,6,40,MONTERREY,1654,617,2521° lugar,MICROSECCION
19,NUEVO LEON,4,10,47,SAN NICOLAS DE LOS GARZA,1823,617,2522° lugar,MICROSECCION
19,NUEVO LEON,6,3,40,MONTERREY,1038,616,2523° lugar,MICROSECCION
19,NUEVO LEON,14,21,25,GRAL. ZUAZUA,2650,616,2524° lugar,MICROSECCION
19,NUEVO LEON,6,6,40,MONTERREY,1101,613,2525° lugar,MICROSECCION
19,NUEVO LEON,7,20,18,GARCIA,2597,613,2526° lugar,MICROSECCION
19,NUEVO LEON,11,15,26,GUADALUPE,662,612,2527° lugar,MICROSECCION
19,NUEVO LEON,12,23,32,JUAREZ,3110,612,2528° lugar,MICROSECCION
19,NUEVO LEON,14,11,27,LOS HERRERAS,807,611,2529° lugar,MICROSECCION
19,NUEVO LEON,13,4,51,VILLALDAMA,2123,611,2530° lugar,MICROSECCION
19,NUEVO LEON,11,15,26,GUADALUPE,534,610,2531° lugar,MICROSECCION
19,NUEVO LEON,2,5,6,APODACA,3136,610,2532° lugar,MICROSECCION
19,NUEVO LEON,6,6,40,MONTERREY,1063,609,2533° lugar,MICROSECCION
19,NUEVO LEON,8,7,6,APODACA,2217,609,2534° lugar,MICROSECCION
19,NUEVO LEON,2,5,6,APODACA,3132,609,2535° lugar,MICROSECCION
19,NUEVO LEON,12,23,32,JUAREZ,2862,606,2536° lugar,MICROSECCION
19,NUEVO LEON,6,6,40,MONTERREY,1020,605,2537° lugar,MICROSECCION
19,NUEVO LEON,4,10,47,SAN NICOLAS DE LOS GARZA,1825,605,2538° lugar,MICROSECCION
19,NUEVO LEON,12,22,32,JUAREZ,2342,604,2539° lugar,MICROSECCION
19,NUEVO LEON,4,9,47,SAN NICOLAS DE LOS GARZA,1950,603,2540° lugar,MICROSECCION
19,NUEVO LEON,10,6,40,MONTERREY,1698,602,2541° lugar,MICROSECCION
19,NUEVO LEON,2,5,6,APODACA,2443,602,2542° lugar,MICROSECCION
19,NUEVO LEON,6,6,40,MONTERREY,1068,601,2543° lugar,MICROSECCION
19,NUEVO LEON,12,22,32,JUAREZ,3244,601,2544° lugar,MICROSECCION
19,NUEVO LEON,6,3,40,MONTERREY,1011,599,2545° lugar,MICROSECCION
19,NUEVO LEON,6,3,40,MONTERREY,1049,598,2546° lugar,MICROSECCION
19,NUEVO LEON,14,11,42,PESQUERIA,2883,598,2547° lugar,MICROSECCION
19,NUEVO LEON,4,10,47,SAN NICOLAS DE LOS GARZA,1872,596,2548° lugar,MICROSECCION
19,NUEVO LEON,11,15,26,GUADALUPE,572,595,2549° lugar,MICROSECCION
19,NUEVO LEON,6,3,40,MONTERREY,1083,595,2550° lugar,MICROSECCION
19,NUEVO LEON,10,6,40,MONTERREY,1317,594,2551° lugar,MICROSECCION
19,NUEVO LEON,2,5,6,APODACA,2506,594,2552° lugar,MICROSECCION
19,NUEVO LEON,9,24,34,LINARES,875,593,2553° lugar,MICROSECCION
19,NUEVO LEON,6,3,40,MONTERREY,1087,593,2554° lugar,MICROSECCION
19,NUEVO LEON,5,2,40,MONTERREY,1558,593,2555° lugar,MICROSECCION
19,NUEVO LEON,6,6,40,MONTERREY,1031,592,2556° lugar,MICROSECCION
19,NUEVO LEON,10,6,40,MONTERREY,1250,591,2557° lugar,MICROSECCION
19,NUEVO LEON,14,11,43,LOS RAMONES,1714,591,2558° lugar,MICROSECCION
19,NUEVO LEON,9,24,14,DR. ARROYO,272,590,2559° lugar,MICROSECCION
19,NUEVO LEON,12,23,32,JUAREZ,2677,590,2560° lugar,MICROSECCION
19,NUEVO LEON,12,23,32,JUAREZ,3106,589,2561° lugar,MICROSECCION
19,NUEVO LEON,3,25,21,GRAL. ESCOBEDO,2518,586,2562° lugar,MICROSECCION
19,NUEVO LEON,3,25,21,GRAL. ESCOBEDO,2529,586,2563° lugar,MICROSECCION
19,NUEVO LEON,6,6,40,MONTERREY,1019,584,2564° lugar,MICROSECCION
19,NUEVO LEON,4,10,47,SAN NICOLAS DE LOS GARZA,1838,584,2565° lugar,MICROSECCION
19,NUEVO LEON,13,21,50,VALLECILLO,2115,582,2566° lugar,MICROSECCION
19,NUEVO LEON,9,24,14,DR. ARROYO,289,581,2567° lugar,MICROSECCION
19,NUEVO LEON,6,6,40,MONTERREY,1632,581,2568° lugar,MICROSECCION
19,NUEVO LEON,4,10,47,SAN NICOLAS DE LOS GARZA,1840,581,2569° lugar,MICROSECCION
19,NUEVO LEON,6,6,40,MONTERREY,1117,580,2570° lugar,MICROSECCION
19,NUEVO LEON,14,21,25,GRAL. ZUAZUA,2645,580,2571° lugar,MICROSECCION
19,NUEVO LEON,13,21,2,AGUALEGUAS,4,578,2572° lugar,MICROSECCION
19,NUEVO LEON,5,2,40,MONTERREY,1557,578,2573° lugar,MICROSECCION
19,NUEVO LEON,11,15,26,GUADALUPE,562,576,2574° lugar,MICROSECCION
19,NUEVO LEON,10,6,40,MONTERREY,1219,576,2575° lugar,MICROSECCION
19,NUEVO LEON,12,22,32,JUAREZ,2332,576,2576° lugar,MICROSECCION
19,NUEVO LEON,10,6,40,MONTERREY,1670,575,2577° lugar,MICROSECCION
19,NUEVO LEON,11,15,26,GUADALUPE,532,574,2578° lugar,MICROSECCION
19,NUEVO LEON,2,5,6,APODACA,2451,574,2579° lugar,MICROSECCION
19,NUEVO LEON,2,5,6,APODACA,2484,574,2580° lugar,MICROSECCION
19,NUEVO LEON,14,26,9,CADEREYTA JIMENEZ,199,573,2581° lugar,MICROSECCION
19,NUEVO LEON,11,15,26,GUADALUPE,531,572,2582° lugar,MICROSECCION
19,NUEVO LEON,10,6,40,MONTERREY,1275,570,2583° lugar,MICROSECCION
19,NUEVO LEON,3,25,21,GRAL. ESCOBEDO,2526,570,2584° lugar,MICROSECCION
19,NUEVO LEON,11,15,26,GUADALUPE,573,569,2585° lugar,MICROSECCION
19,NUEVO LEON,6,6,40,MONTERREY,1073,569,2586° lugar,MICROSECCION
19,NUEVO LEON,13,21,12,CIENEGA DE FLORES,2847,569,2587° lugar,MICROSECCION
19,NUEVO LEON,12,23,32,JUAREZ,3104,569,2588° lugar,MICROSECCION
19,NUEVO LEON,14,11,43,LOS RAMONES,1715,566,2589° lugar,MICROSECCION
19,NUEVO LEON,9,24,17,GALEANA,336,565,2590° lugar,MICROSECCION
19,NUEVO LEON,14,11,27,LOS HERRERAS,806,565,2591° lugar,MICROSECCION
19,NUEVO LEON,4,10,47,SAN NICOLAS DE LOS GARZA,1802,564,2592° lugar,MICROSECCION
19,NUEVO LEON,11,15,26,GUADALUPE,561,563,2593° lugar,MICROSECCION
19,NUEVO LEON,6,6,40,MONTERREY,1070,563,2594° lugar,MICROSECCION
19,NUEVO LEON,14,11,43,LOS RAMONES,1713,562,2595° lugar,MICROSECCION
19,NUEVO LEON,11,15,26,GUADALUPE,657,561,2596° lugar,MICROSECCION
19,NUEVO LEON,4,9,47,SAN NICOLAS DE LOS GARZA,1934,561,2597° lugar,MICROSECCION
19,NUEVO LEON,6,6,40,MONTERREY,1071,560,2598° lugar,MICROSECCION
19,NUEVO LEON,7,12,18,GARCIA,2283,560,2599° lugar,MICROSECCION
19,NUEVO LEON,9,24,37,MIER Y NORIEGA,920,558,2600° lugar,MICROSECCION
19,NUEVO LEON,6,6,40,MONTERREY,1196,558,2601° lugar,MICROSECCION
19,NUEVO LEON,8,7,6,APODACA,2271,558,2602° lugar,MICROSECCION
19,NUEVO LEON,7,20,18,GARCIA,2551,557,2603° lugar,MICROSECCION
19,NUEVO LEON,10,6,40,MONTERREY,1684,556,2604° lugar,MICROSECCION
19,NUEVO LEON,10,6,40,MONTERREY,1234,554,2605° lugar,MICROSECCION
19,NUEVO LEON,12,22,32,JUAREZ,2354,554,2606° lugar,MICROSECCION
19,NUEVO LEON,9,11,22,GRAL. TERAN,506,553,2607° lugar,MICROSECCION
19,NUEVO LEON,12,23,32,JUAREZ,2684,553,2608° lugar,MICROSECCION
19,NUEVO LEON,10,6,40,MONTERREY,1218,552,2609° lugar,MICROSECCION
19,NUEVO LEON,10,6,40,MONTERREY,1258,551,2610° lugar,MICROSECCION
19,NUEVO LEON,9,24,7,ARAMBERRI,166,550,2611° lugar,MICROSECCION
19,NUEVO LEON,2,5,6,APODACA,2438,550,2612° lugar,MICROSECCION
19,NUEVO LEON,13,21,45,SABINAS HIDALGO,1749,549,2613° lugar,MICROSECCION
19,NUEVO LEON,13,21,50,VALLECILLO,2117,549,2614° lugar,MICROSECCION
19,NUEVO LEON,10,6,40,MONTERREY,1221,546,2615° lugar,MICROSECCION
19,NUEVO LEON,6,6,40,MONTERREY,1074,545,2616° lugar,MICROSECCION
19,NUEVO LEON,9,24,34,LINARES,878,543,2617° lugar,MICROSECCION
19,NUEVO LEON,10,6,40,MONTERREY,1253,542,2618° lugar,MICROSECCION
19,NUEVO LEON,9,24,17,GALEANA,317,540,2619° lugar,MICROSECCION
19,NUEVO LEON,7,20,18,GARCIA,3191,540,2620° lugar,MICROSECCION
19,NUEVO LEON,10,6,40,MONTERREY,1293,539,2621° lugar,MICROSECCION
19,NUEVO LEON,6,6,40,MONTERREY,1021,538,2622° lugar,MICROSECCION
19,NUEVO LEON,6,6,40,MONTERREY,1109,538,2623° lugar,MICROSECCION
19,NUEVO LEON,10,6,40,MONTERREY,1267,538,2624° lugar,MICROSECCION
19,NUEVO LEON,6,6,40,MONTERREY,1643,538,2625° lugar,MICROSECCION
19,NUEVO LEON,12,23,32,JUAREZ,2683,538,2626° lugar,MICROSECCION
19,NUEVO LEON,14,11,42,PESQUERIA,3269,538,2627° lugar,MICROSECCION
19,NUEVO LEON,9,24,14,DR. ARROYO,273,537,2628° lugar,MICROSECCION
19,NUEVO LEON,13,4,28,HIDALGO,814,536,2629° lugar,MICROSECCION
19,NUEVO LEON,6,6,40,MONTERREY,1072,536,2630° lugar,MICROSECCION
19,NUEVO LEON,4,10,47,SAN NICOLAS DE LOS GARZA,1796,536,2631° lugar,MICROSECCION
19,NUEVO LEON,12,22,32,JUAREZ,851,535,2632° lugar,MICROSECCION
19,NUEVO LEON,2,5,6,APODACA,2469,535,2633° lugar,MICROSECCION
19,NUEVO LEON,10,6,40,MONTERREY,1664,533,2634° lugar,MICROSECCION
19,NUEVO LEON,14,11,43,LOS RAMONES,1721,533,2635° lugar,MICROSECCION
19,NUEVO LEON,4,10,47,SAN NICOLAS DE LOS GARZA,1785,533,2636° lugar,MICROSECCION
19,NUEVO LEON,4,9,47,SAN NICOLAS DE LOS GARZA,1951,532,2637° lugar,MICROSECCION
19,NUEVO LEON,12,23,32,JUAREZ,2688,532,2638° lugar,MICROSECCION
19,NUEVO LEON,14,11,42,PESQUERIA,3257,532,2639° lugar,MICROSECCION
19,NUEVO LEON,10,6,40,MONTERREY,1224,531,2640° lugar,MICROSECCION
19,NUEVO LEON,2,5,6,APODACA,2465,531,2641° lugar,MICROSECCION
19,NUEVO LEON,7,20,18,GARCIA,2587,531,2642° lugar,MICROSECCION
19,NUEVO LEON,10,6,40,MONTERREY,1308,529,2643° lugar,MICROSECCION
19,NUEVO LEON,10,6,40,MONTERREY,1668,528,2644° lugar,MICROSECCION
19,NUEVO LEON,1,19,48,SANTA CATARINA,2024,528,2645° lugar,MICROSECCION
19,NUEVO LEON,9,24,14,DR. ARROYO,280,527,2646° lugar,MICROSECCION
19,NUEVO LEON,10,8,40,MONTERREY,1328,527,2647° lugar,MICROSECCION
19,NUEVO LEON,7,20,18,GARCIA,2556,527,2648° lugar,MICROSECCION
19,NUEVO LEON,7,20,18,GARCIA,2602,527,2649° lugar,MICROSECCION
19,NUEVO LEON,11,15,26,GUADALUPE,588,526,2650° lugar,MICROSECCION
19,NUEVO LEON,6,6,40,MONTERREY,1648,526,2651° lugar,MICROSECCION
19,NUEVO LEON,7,20,18,GARCIA,2559,526,2652° lugar,MICROSECCION
19,NUEVO LEON,9,24,14,DR. ARROYO,279,525,2653° lugar,MICROSECCION
19,NUEVO LEON,7,20,18,GARCIA,2553,524,2654° lugar,MICROSECCION
19,NUEVO LEON,9,24,14,DR. ARROYO,274,523,2655° lugar,MICROSECCION
19,NUEVO LEON,10,6,40,MONTERREY,1694,520,2656° lugar,MICROSECCION
19,NUEVO LEON,2,5,6,APODACA,2462,520,2657° lugar,MICROSECCION
19,NUEVO LEON,12,22,32,JUAREZ,3241,520,2658° lugar,MICROSECCION
19,NUEVO LEON,9,24,34,LINARES,868,519,2659° lugar,MICROSECCION
19,NUEVO LEON,10,6,40,MONTERREY,1274,518,2660° lugar,MICROSECCION
19,NUEVO LEON,4,9,47,SAN NICOLAS DE LOS GARZA,1949,518,2661° lugar,MICROSECCION
19,NUEVO LEON,4,10,47,SAN NICOLAS DE LOS GARZA,1843,517,2662° lugar,MICROSECCION
19,NUEVO LEON,7,20,18,GARCIA,2558,517,2663° lugar,MICROSECCION
19,NUEVO LEON,14,26,9,CADEREYTA JIMENEZ,216,516,2664° lugar,MICROSECCION
19,NUEVO LEON,14,11,20,GRAL. BRAVO,419,516,2665° lugar,MICROSECCION
19,NUEVO LEON,11,15,26,GUADALUPE,565,516,2666° lugar,MICROSECCION
19,NUEVO LEON,6,6,40,MONTERREY,1121,516,2667° lugar,MICROSECCION
19,NUEVO LEON,6,6,40,MONTERREY,1229,516,2668° lugar,MICROSECCION
19,NUEVO LEON,2,16,6,APODACA,2173,515,2669° lugar,MICROSECCION
19,NUEVO LEON,12,22,32,JUAREZ,2383,514,2670° lugar,MICROSECCION
19,NUEVO LEON,14,26,9,CADEREYTA JIMENEZ,213,512,2671° lugar,MICROSECCION
19,NUEVO LEON,6,6,40,MONTERREY,1075,512,2672° lugar,MICROSECCION
19,NUEVO LEON,10,6,40,MONTERREY,1678,512,2673° lugar,MICROSECCION
19,NUEVO LEON,9,24,37,MIER Y NORIEGA,918,511,2674° lugar,MICROSECCION
19,NUEVO LEON,12,23,32,JUAREZ,2873,511,2675° lugar,MICROSECCION
19,NUEVO LEON,14,26,9,CADEREYTA JIMENEZ,211,510,2676° lugar,MICROSECCION
19,NUEVO LEON,6,6,40,MONTERREY,1081,510,2677° lugar,MICROSECCION
19,NUEVO LEON,7,20,18,GARCIA,2607,510,2678° lugar,MICROSECCION
19,NUEVO LEON,14,26,9,CADEREYTA JIMENEZ,214,509,2679° lugar,MICROSECCION
19,NUEVO LEON,6,6,40,MONTERREY,1115,509,2680° lugar,MICROSECCION
19,NUEVO LEON,11,15,26,GUADALUPE,574,508,2681° lugar,MICROSECCION
19,NUEVO LEON,4,10,47,SAN NICOLAS DE LOS GARZA,1801,508,2682° lugar,MICROSECCION
19,NUEVO LEON,4,9,47,SAN NICOLAS DE LOS GARZA,1941,508,2683° lugar,MICROSECCION
19,NUEVO LEON,9,24,14,DR. ARROYO,291,507,2684° lugar,MICROSECCION
19,NUEVO LEON,10,6,40,MONTERREY,1306,506,2685° lugar,MICROSECCION
19,NUEVO LEON,10,6,40,MONTERREY,1321,504,2686° lugar,MICROSECCION
19,NUEVO LEON,13,21,50,VALLECILLO,2111,504,2687° lugar,MICROSECCION
19,NUEVO LEON,6,6,40,MONTERREY,1076,502,2688° lugar,MICROSECCION
19,NUEVO LEON,10,6,40,MONTERREY,1692,502,2689° lugar,MICROSECCION
19,NUEVO LEON,10,6,40,MONTERREY,1298,501,2690° lugar,MICROSECCION
19,NUEVO LEON,10,6,40,MONTERREY,1255,500,2691° lugar,MICROSECCION
19,NUEVO LEON,2,16,6,APODACA,2186,500,2692° lugar,MICROSECCION
19,NUEVO LEON,9,11,22,GRAL. TERAN,504,499,2693° lugar,MICROSECCION
19,NUEVO LEON,12,22,32,JUAREZ,2333,499,2694° lugar,MICROSECCION
19,NUEVO LEON,2,5,6,APODACA,2460,499,2695° lugar,MICROSECCION
19,NUEVO LEON,11,15,26,GUADALUPE,527,498,2696° lugar,MICROSECCION
19,NUEVO LEON,10,6,40,MONTERREY,1136,498,2697° lugar,MICROSECCION
19,NUEVO LEON,10,6,40,MONTERREY,1300,497,2698° lugar,MICROSECCION
19,NUEVO LEON,3,25,21,GRAL. ESCOBEDO,2528,496,2699° lugar,MICROSECCION
19,NUEVO LEON,9,24,14,DR. ARROYO,265,495,2700° lugar,MICROSECCION
19,NUEVO LEON,7,20,18,GARCIA,2609,495,2701° lugar,MICROSECCION
19,NUEVO LEON,9,24,14,DR. ARROYO,281,494,2702° lugar,MICROSECCION
19,NUEVO LEON,9,24,34,LINARES,895,492,2703° lugar,MICROSECCION
19,NUEVO LEON,6,6,40,MONTERREY,999,491,2704° lugar,MICROSECCION
19,NUEVO LEON,11,15,26,GUADALUPE,575,490,2705° lugar,MICROSECCION
19,NUEVO LEON,10,6,40,MONTERREY,1251,489,2706° lugar,MICROSECCION
19,NUEVO LEON,6,6,40,MONTERREY,1030,488,2707° lugar,MICROSECCION
19,NUEVO LEON,6,6,40,MONTERREY,1055,487,2708° lugar,MICROSECCION
19,NUEVO LEON,10,6,40,MONTERREY,1208,486,2709° lugar,MICROSECCION
19,NUEVO LEON,14,26,9,CADEREYTA JIMENEZ,206,483,2710° lugar,MICROSECCION
19,NUEVO LEON,8,14,26,GUADALUPE,616,482,2711° lugar,MICROSECCION
19,NUEVO LEON,10,6,40,MONTERREY,1281,482,2712° lugar,MICROSECCION
19,NUEVO LEON,12,22,32,JUAREZ,2340,482,2713° lugar,MICROSECCION
19,NUEVO LEON,9,24,34,LINARES,901,481,2714° lugar,MICROSECCION
19,NUEVO LEON,12,22,32,JUAREZ,2330,481,2715° lugar,MICROSECCION
19,NUEVO LEON,9,24,14,DR. ARROYO,266,479,2716° lugar,MICROSECCION
19,NUEVO LEON,14,11,43,LOS RAMONES,1719,479,2717° lugar,MICROSECCION
19,NUEVO LEON,8,7,6,APODACA,2247,479,2718° lugar,MICROSECCION
19,NUEVO LEON,4,10,47,SAN NICOLAS DE LOS GARZA,1877,478,2719° lugar,MICROSECCION
19,NUEVO LEON,9,24,7,ARAMBERRI,163,477,2720° lugar,MICROSECCION
19,NUEVO LEON,10,6,40,MONTERREY,1302,477,2721° lugar,MICROSECCION
19,NUEVO LEON,6,6,40,MONTERREY,1102,476,2722° lugar,MICROSECCION
19,NUEVO LEON,14,11,3,LOS ALDAMAS,13,475,2723° lugar,MICROSECCION
19,NUEVO LEON,4,10,47,SAN NICOLAS DE LOS GARZA,1795,475,2724° lugar,MICROSECCION
19,NUEVO LEON,12,22,32,JUAREZ,2359,474,2725° lugar,MICROSECCION
19,NUEVO LEON,7,20,18,GARCIA,2563,474,2726° lugar,MICROSECCION
19,NUEVO LEON,10,6,40,MONTERREY,1257,473,2727° lugar,MICROSECCION
19,NUEVO LEON,7,20,18,GARCIA,2589,471,2728° lugar,MICROSECCION
19,NUEVO LEON,12,23,32,JUAREZ,2678,471,2729° lugar,MICROSECCION
19,NUEVO LEON,11,15,26,GUADALUPE,566,470,2730° lugar,MICROSECCION
19,NUEVO LEON,9,24,34,LINARES,877,470,2731° lugar,MICROSECCION
19,NUEVO LEON,10,6,40,MONTERREY,1264,470,2732° lugar,MICROSECCION
19,NUEVO LEON,7,20,18,GARCIA,2588,469,2733° lugar,MICROSECCION
19,NUEVO LEON,9,26,39,MONTEMORELOS,973,468,2734° lugar,MICROSECCION
19,NUEVO LEON,10,6,40,MONTERREY,1320,468,2735° lugar,MICROSECCION
19,NUEVO LEON,12,22,32,JUAREZ,2331,468,2736° lugar,MICROSECCION
19,NUEVO LEON,13,21,41,PARAS,1700,467,2737° lugar,MICROSECCION
19,NUEVO LEON,14,11,43,LOS RAMONES,1716,467,2738° lugar,MICROSECCION
19,NUEVO LEON,8,7,6,APODACA,2241,467,2739° lugar,MICROSECCION
19,NUEVO LEON,14,26,9,CADEREYTA JIMENEZ,204,466,2740° lugar,MICROSECCION
19,NUEVO LEON,10,6,40,MONTERREY,1211,466,2741° lugar,MICROSECCION
19,NUEVO LEON,7,20,18,GARCIA,3177,466,2742° lugar,MICROSECCION
19,NUEVO LEON,10,6,40,MONTERREY,1242,465,2743° lugar,MICROSECCION
19,NUEVO LEON,10,6,40,MONTERREY,1252,464,2744° lugar,MICROSECCION
19,NUEVO LEON,6,6,40,MONTERREY,1122,463,2745° lugar,MICROSECCION
19,NUEVO LEON,6,6,40,MONTERREY,1026,462,2746° lugar,MICROSECCION
19,NUEVO LEON,10,6,40,MONTERREY,1135,462,2747° lugar,MICROSECCION
19,NUEVO LEON,7,20,18,GARCIA,2615,462,2748° lugar,MICROSECCION
19,NUEVO LEON,7,20,18,GARCIA,3173,462,2749° lugar,MICROSECCION
19,NUEVO LEON,11,15,26,GUADALUPE,564,460,2750° lugar,MICROSECCION
19,NUEVO LEON,10,6,40,MONTERREY,1297,459,2751° lugar,MICROSECCION
19,NUEVO LEON,9,24,14,DR. ARROYO,269,458,2752° lugar,MICROSECCION
19,NUEVO LEON,3,25,21,GRAL. ESCOBEDO,2530,458,2753° lugar,MICROSECCION
19,NUEVO LEON,9,24,34,LINARES,900,457,2754° lugar,MICROSECCION
19,NUEVO LEON,10,6,40,MONTERREY,1341,456,2755° lugar,MICROSECCION
19,NUEVO LEON,7,20,18,GARCIA,2584,456,2756° lugar,MICROSECCION
19,NUEVO LEON,10,6,40,MONTERREY,1137,455,2757° lugar,MICROSECCION
19,NUEVO LEON,10,6,40,MONTERREY,1284,454,2758° lugar,MICROSECCION
19,NUEVO LEON,7,20,18,GARCIA,2600,454,2759° lugar,MICROSECCION
19,NUEVO LEON,7,20,18,GARCIA,2611,454,2760° lugar,MICROSECCION
19,NUEVO LEON,6,6,40,MONTERREY,1105,453,2761° lugar,MICROSECCION
19,NUEVO LEON,6,6,40,MONTERREY,1649,453,2762° lugar,MICROSECCION
19,NUEVO LEON,6,6,40,MONTERREY,1082,452,2763° lugar,MICROSECCION
19,NUEVO LEON,4,10,47,SAN NICOLAS DE LOS GARZA,1913,452,2764° lugar,MICROSECCION
19,NUEVO LEON,12,22,32,JUAREZ,848,451,2765° lugar,MICROSECCION
19,NUEVO LEON,10,6,40,MONTERREY,1209,451,2766° lugar,MICROSECCION
19,NUEVO LEON,9,24,7,ARAMBERRI,155,450,2767° lugar,MICROSECCION
19,NUEVO LEON,6,6,40,MONTERREY,1110,450,2768° lugar,MICROSECCION
19,NUEVO LEON,10,6,40,MONTERREY,1189,450,2769° lugar,MICROSECCION
19,NUEVO LEON,10,6,40,MONTERREY,1191,449,2770° lugar,MICROSECCION
19,NUEVO LEON,13,21,41,PARAS,1702,449,2771° lugar,MICROSECCION
19,NUEVO LEON,6,6,40,MONTERREY,1108,448,2772° lugar,MICROSECCION
19,NUEVO LEON,7,12,18,GARCIA,2284,448,2773° lugar,MICROSECCION
19,NUEVO LEON,9,24,14,DR. ARROYO,287,447,2774° lugar,MICROSECCION
19,NUEVO LEON,6,3,40,MONTERREY,1099,447,2775° lugar,MICROSECCION
19,NUEVO LEON,12,23,32,JUAREZ,2874,447,2776° lugar,MICROSECCION
19,NUEVO LEON,9,24,30,HUALAHUISES,827,446,2777° lugar,MICROSECCION
19,NUEVO LEON,6,6,40,MONTERREY,1205,445,2778° lugar,MICROSECCION
19,NUEVO LEON,6,6,40,MONTERREY,1080,443,2779° lugar,MICROSECCION
19,NUEVO LEON,10,6,40,MONTERREY,1695,441,2780° lugar,MICROSECCION
19,NUEVO LEON,9,24,14,DR. ARROYO,290,438,2781° lugar,MICROSECCION
19,NUEVO LEON,14,11,27,LOS HERRERAS,805,438,2782° lugar,MICROSECCION
19,NUEVO LEON,7,20,18,GARCIA,2564,437,2783° lugar,MICROSECCION
19,NUEVO LEON,10,6,40,MONTERREY,1241,436,2784° lugar,MICROSECCION
19,NUEVO LEON,9,24,31,ITURBIDE,834,435,2785° lugar,MICROSECCION
19,NUEVO LEON,9,24,37,MIER Y NORIEGA,916,434,2786° lugar,MICROSECCION
19,NUEVO LEON,8,7,6,APODACA,2205,434,2787° lugar,MICROSECCION
19,NUEVO LEON,2,5,6,APODACA,2459,434,2788° lugar,MICROSECCION
19,NUEVO LEON,2,5,6,APODACA,3141,433,2789° lugar,MICROSECCION
19,NUEVO LEON,13,21,2,AGUALEGUAS,10,431,2790° lugar,MICROSECCION
19,NUEVO LEON,9,24,7,ARAMBERRI,153,431,2791° lugar,MICROSECCION
19,NUEVO LEON,9,24,34,LINARES,906,430,2792° lugar,MICROSECCION
19,NUEVO LEON,7,20,18,GARCIA,3170,430,2793° lugar,MICROSECCION
19,NUEVO LEON,13,21,2,AGUALEGUAS,8,429,2794° lugar,MICROSECCION
19,NUEVO LEON,11,15,26,GUADALUPE,580,429,2795° lugar,MICROSECCION
19,NUEVO LEON,4,9,47,SAN NICOLAS DE LOS GARZA,1939,429,2796° lugar,MICROSECCION
19,NUEVO LEON,9,11,22,GRAL. TERAN,514,427,2797° lugar,MICROSECCION
19,NUEVO LEON,9,24,34,LINARES,904,427,2798° lugar,MICROSECCION
19,NUEVO LEON,10,6,40,MONTERREY,1282,427,2799° lugar,MICROSECCION
19,NUEVO LEON,6,6,40,MONTERREY,1157,426,2800° lugar,MICROSECCION
19,NUEVO LEON,10,6,40,MONTERREY,1166,426,2801° lugar,MICROSECCION
19,NUEVO LEON,14,26,9,CADEREYTA JIMENEZ,209,425,2802° lugar,MICROSECCION
19,NUEVO LEON,9,24,34,LINARES,874,425,2803° lugar,MICROSECCION
19,NUEVO LEON,14,11,3,LOS ALDAMAS,16,423,2804° lugar,MICROSECCION
19,NUEVO LEON,7,12,18,GARCIA,354,423,2805° lugar,MICROSECCION
19,NUEVO LEON,7,20,18,GARCIA,2606,423,2806° lugar,MICROSECCION
19,NUEVO LEON,9,24,7,ARAMBERRI,167,422,2807° lugar,MICROSECCION
19,NUEVO LEON,14,11,42,PESQUERIA,1709,422,2808° lugar,MICROSECCION
19,NUEVO LEON,1,19,48,SANTA CATARINA,2084,422,2809° lugar,MICROSECCION
19,NUEVO LEON,2,16,6,APODACA,2172,422,2810° lugar,MICROSECCION
19,NUEVO LEON,6,6,40,MONTERREY,1156,420,2811° lugar,MICROSECCION
19,NUEVO LEON,14,21,29,HIGUERAS,820,419,2812° lugar,MICROSECCION
19,NUEVO LEON,9,26,39,MONTEMORELOS,972,417,2813° lugar,MICROSECCION
19,NUEVO LEON,6,2,40,MONTERREY,1606,417,2814° lugar,MICROSECCION
19,NUEVO LEON,13,4,51,VILLALDAMA,2119,417,2815° lugar,MICROSECCION
19,NUEVO LEON,1,18,48,SANTA CATARINA,2017,415,2816° lugar,MICROSECCION
19,NUEVO LEON,10,6,40,MONTERREY,1288,414,2817° lugar,MICROSECCION
19,NUEVO LEON,13,21,2,AGUALEGUAS,9,413,2818° lugar,MICROSECCION
19,NUEVO LEON,10,6,40,MONTERREY,1277,410,2819° lugar,MICROSECCION
19,NUEVO LEON,12,22,32,JUAREZ,2379,409,2820° lugar,MICROSECCION
19,NUEVO LEON,14,11,27,LOS HERRERAS,809,408,2821° lugar,MICROSECCION
19,NUEVO LEON,10,6,40,MONTERREY,1295,408,2822° lugar,MICROSECCION
19,NUEVO LEON,14,11,15,DR. COSS,294,407,2823° lugar,MICROSECCION
19,NUEVO LEON,10,6,40,MONTERREY,1279,405,2824° lugar,MICROSECCION
19,NUEVO LEON,2,5,6,APODACA,3137,405,2825° lugar,MICROSECCION
19,NUEVO LEON,9,26,4,ALLENDE,36,403,2826° lugar,MICROSECCION
19,NUEVO LEON,9,26,39,MONTEMORELOS,960,403,2827° lugar,MICROSECCION
19,NUEVO LEON,6,6,40,MONTERREY,1057,403,2828° lugar,MICROSECCION
19,NUEVO LEON,10,6,40,MONTERREY,1148,402,2829° lugar,MICROSECCION
19,NUEVO LEON,10,6,40,MONTERREY,1152,402,2830° lugar,MICROSECCION
19,NUEVO LEON,10,6,40,MONTERREY,1324,402,2831° lugar,MICROSECCION
19,NUEVO LEON,10,6,40,MONTERREY,1259,397,2832° lugar,MICROSECCION
19,NUEVO LEON,6,6,40,MONTERREY,1146,396,2833° lugar,MICROSECCION
19,NUEVO LEON,10,6,40,MONTERREY,1147,395,2834° lugar,MICROSECCION
19,NUEVO LEON,6,6,40,MONTERREY,1645,395,2835° lugar,MICROSECCION
19,NUEVO LEON,9,24,31,ITURBIDE,833,394,2836° lugar,MICROSECCION
19,NUEVO LEON,6,6,40,MONTERREY,1118,394,2837° lugar,MICROSECCION
19,NUEVO LEON,2,5,6,APODACA,2466,394,2838° lugar,MICROSECCION
19,NUEVO LEON,11,15,26,GUADALUPE,591,393,2839° lugar,MICROSECCION
19,NUEVO LEON,7,20,18,GARCIA,2562,391,2840° lugar,MICROSECCION
19,NUEVO LEON,10,6,40,MONTERREY,1210,390,2841° lugar,MICROSECCION
19,NUEVO LEON,6,6,40,MONTERREY,1226,390,2842° lugar,MICROSECCION
19,NUEVO LEON,7,20,18,GARCIA,2565,390,2843° lugar,MICROSECCION
19,NUEVO LEON,10,6,40,MONTERREY,1149,389,2844° lugar,MICROSECCION
19,NUEVO LEON,10,6,40,MONTERREY,1162,388,2845° lugar,MICROSECCION
19,NUEVO LEON,14,26,9,CADEREYTA JIMENEZ,207,385,2846° lugar,MICROSECCION
19,NUEVO LEON,9,24,7,ARAMBERRI,164,384,2847° lugar,MICROSECCION
19,NUEVO LEON,14,11,43,LOS RAMONES,1717,384,2848° lugar,MICROSECCION
19,NUEVO LEON,13,21,5,ANAHUAC,61,383,2849° lugar,MICROSECCION
19,NUEVO LEON,9,24,17,GALEANA,335,383,2850° lugar,MICROSECCION
19,NUEVO LEON,10,6,40,MONTERREY,1263,383,2851° lugar,MICROSECCION
19,NUEVO LEON,14,21,25,GRAL. ZUAZUA,2660,382,2852° lugar,MICROSECCION
19,NUEVO LEON,9,26,39,MONTEMORELOS,970,381,2853° lugar,MICROSECCION
19,NUEVO LEON,6,6,40,MONTERREY,1028,381,2854° lugar,MICROSECCION
19,NUEVO LEON,8,7,6,APODACA,2248,380,2855° lugar,MICROSECCION
19,NUEVO LEON,10,6,40,MONTERREY,1689,378,2856° lugar,MICROSECCION
19,NUEVO LEON,9,24,14,DR. ARROYO,267,377,2857° lugar,MICROSECCION
19,NUEVO LEON,6,6,40,MONTERREY,1053,377,2858° lugar,MICROSECCION
19,NUEVO LEON,10,6,40,MONTERREY,1133,377,2859° lugar,MICROSECCION
19,NUEVO LEON,6,3,40,MONTERREY,1048,376,2860° lugar,MICROSECCION
19,NUEVO LEON,6,6,40,MONTERREY,1158,376,2861° lugar,MICROSECCION
19,NUEVO LEON,4,9,47,SAN NICOLAS DE LOS GARZA,1986,376,2862° lugar,MICROSECCION
19,NUEVO LEON,10,6,40,MONTERREY,1207,375,2863° lugar,MICROSECCION
19,NUEVO LEON,9,24,34,LINARES,899,373,2864° lugar,MICROSECCION
19,NUEVO LEON,6,6,40,MONTERREY,1056,373,2865° lugar,MICROSECCION
19,NUEVO LEON,6,6,40,MONTERREY,1180,372,2866° lugar,MICROSECCION
19,NUEVO LEON,6,6,40,MONTERREY,1079,371,2867° lugar,MICROSECCION
19,NUEVO LEON,14,11,3,LOS ALDAMAS,12,369,2868° lugar,MICROSECCION
19,NUEVO LEON,9,24,14,DR. ARROYO,286,365,2869° lugar,MICROSECCION
19,NUEVO LEON,6,6,40,MONTERREY,1204,365,2870° lugar,MICROSECCION
19,NUEVO LEON,10,6,40,MONTERREY,1261,365,2871° lugar,MICROSECCION
19,NUEVO LEON,10,6,40,MONTERREY,1340,365,2872° lugar,MICROSECCION
19,NUEVO LEON,9,24,17,GALEANA,315,363,2873° lugar,MICROSECCION
19,NUEVO LEON,6,6,40,MONTERREY,1113,362,2874° lugar,MICROSECCION
19,NUEVO LEON,7,20,18,GARCIA,2572,361,2875° lugar,MICROSECCION
19,NUEVO LEON,9,26,39,MONTEMORELOS,956,360,2876° lugar,MICROSECCION
19,NUEVO LEON,10,6,40,MONTERREY,1666,360,2877° lugar,MICROSECCION
19,NUEVO LEON,6,6,40,MONTERREY,1112,359,2878° lugar,MICROSECCION
19,NUEVO LEON,10,6,40,MONTERREY,1290,359,2879° lugar,MICROSECCION
19,NUEVO LEON,6,6,40,MONTERREY,1206,357,2880° lugar,MICROSECCION
19,NUEVO LEON,10,6,40,MONTERREY,1665,357,2881° lugar,MICROSECCION
19,NUEVO LEON,6,6,40,MONTERREY,1051,355,2882° lugar,MICROSECCION
19,NUEVO LEON,6,6,40,MONTERREY,1114,355,2883° lugar,MICROSECCION
19,NUEVO LEON,14,11,43,LOS RAMONES,1723,355,2884° lugar,MICROSECCION
19,NUEVO LEON,7,20,18,GARCIA,3194,354,2885° lugar,MICROSECCION
19,NUEVO LEON,10,6,40,MONTERREY,2726,352,2886° lugar,MICROSECCION
19,NUEVO LEON,9,26,4,ALLENDE,35,351,2887° lugar,MICROSECCION
19,NUEVO LEON,2,5,6,APODACA,2445,351,2888° lugar,MICROSECCION
19,NUEVO LEON,7,20,18,GARCIA,2590,351,2889° lugar,MICROSECCION
19,NUEVO LEON,14,11,15,DR. COSS,304,350,2890° lugar,MICROSECCION
19,NUEVO LEON,9,24,17,GALEANA,339,350,2891° lugar,MICROSECCION
19,NUEVO LEON,10,6,40,MONTERREY,1260,349,2892° lugar,MICROSECCION
19,NUEVO LEON,13,4,51,VILLALDAMA,2121,348,2893° lugar,MICROSECCION
19,NUEVO LEON,10,6,40,MONTERREY,1256,347,2894° lugar,MICROSECCION
19,NUEVO LEON,14,26,9,CADEREYTA JIMENEZ,198,346,2895° lugar,MICROSECCION
19,NUEVO LEON,9,26,39,MONTEMORELOS,953,346,2896° lugar,MICROSECCION
19,NUEVO LEON,2,5,6,APODACA,2463,346,2897° lugar,MICROSECCION
19,NUEVO LEON,10,6,40,MONTERREY,1280,345,2898° lugar,MICROSECCION
19,NUEVO LEON,14,11,42,PESQUERIA,1711,345,2899° lugar,MICROSECCION
19,NUEVO LEON,9,24,34,LINARES,892,344,2900° lugar,MICROSECCION
19,NUEVO LEON,6,6,40,MONTERREY,1195,344,2901° lugar,MICROSECCION
19,NUEVO LEON,10,6,40,MONTERREY,1688,344,2902° lugar,MICROSECCION
19,NUEVO LEON,11,15,26,GUADALUPE,530,342,2903° lugar,MICROSECCION
19,NUEVO LEON,9,24,34,LINARES,896,342,2904° lugar,MICROSECCION
19,NUEVO LEON,9,24,17,GALEANA,327,339,2905° lugar,MICROSECCION
19,NUEVO LEON,6,6,40,MONTERREY,1060,339,2906° lugar,MICROSECCION
19,NUEVO LEON,10,6,40,MONTERREY,1693,339,2907° lugar,MICROSECCION
19,NUEVO LEON,10,6,40,MONTERREY,1669,336,2908° lugar,MICROSECCION
19,NUEVO LEON,10,6,40,MONTERREY,1683,336,2909° lugar,MICROSECCION
19,NUEVO LEON,10,6,40,MONTERREY,1322,335,2910° lugar,MICROSECCION
19,NUEVO LEON,4,10,47,SAN NICOLAS DE LOS GARZA,1799,335,2911° lugar,MICROSECCION
19,NUEVO LEON,11,15,26,GUADALUPE,526,333,2912° lugar,MICROSECCION
19,NUEVO LEON,6,6,40,MONTERREY,1077,333,2913° lugar,MICROSECCION
19,NUEVO LEON,6,6,40,MONTERREY,1106,333,2914° lugar,MICROSECCION
19,NUEVO LEON,7,20,18,GARCIA,2610,333,2915° lugar,MICROSECCION
19,NUEVO LEON,7,12,18,GARCIA,2286,331,2916° lugar,MICROSECCION
19,NUEVO LEON,14,11,3,LOS ALDAMAS,17,329,2917° lugar,MICROSECCION
19,NUEVO LEON,6,6,40,MONTERREY,1027,327,2918° lugar,MICROSECCION
19,NUEVO LEON,6,6,40,MONTERREY,1644,327,2919° lugar,MICROSECCION
19,NUEVO LEON,2,5,6,APODACA,2444,326,2920° lugar,MICROSECCION
19,NUEVO LEON,9,24,14,DR. ARROYO,278,324,2921° lugar,MICROSECCION
19,NUEVO LEON,6,6,40,MONTERREY,1159,324,2922° lugar,MICROSECCION
19,NUEVO LEON,10,6,40,MONTERREY,1249,324,2923° lugar,MICROSECCION
19,NUEVO LEON,6,6,40,MONTERREY,1144,323,2924° lugar,MICROSECCION
19,NUEVO LEON,10,6,40,MONTERREY,1175,323,2925° lugar,MICROSECCION
19,NUEVO LEON,9,24,44,RAYONES,1726,323,2926° lugar,MICROSECCION
19,NUEVO LEON,14,11,3,LOS ALDAMAS,15,322,2927° lugar,MICROSECCION
19,NUEVO LEON,6,6,40,MONTERREY,1061,321,2928° lugar,MICROSECCION
19,NUEVO LEON,10,6,40,MONTERREY,1303,321,2929° lugar,MICROSECCION
19,NUEVO LEON,10,6,40,MONTERREY,1213,320,2930° lugar,MICROSECCION
19,NUEVO LEON,10,6,40,MONTERREY,1269,319,2931° lugar,MICROSECCION
19,NUEVO LEON,9,24,44,RAYONES,1728,319,2932° lugar,MICROSECCION
19,NUEVO LEON,6,6,40,MONTERREY,1139,318,2933° lugar,MICROSECCION
19,NUEVO LEON,14,11,27,LOS HERRERAS,810,317,2934° lugar,MICROSECCION
19,NUEVO LEON,14,26,9,CADEREYTA JIMENEZ,202,314,2935° lugar,MICROSECCION
19,NUEVO LEON,6,6,40,MONTERREY,1107,314,2936° lugar,MICROSECCION
19,NUEVO LEON,9,24,14,DR. ARROYO,293,312,2937° lugar,MICROSECCION
19,NUEVO LEON,10,6,40,MONTERREY,1138,312,2938° lugar,MICROSECCION
19,NUEVO LEON,10,6,40,MONTERREY,1167,310,2939° lugar,MICROSECCION
19,NUEVO LEON,10,6,40,MONTERREY,1650,310,2940° lugar,MICROSECCION
19,NUEVO LEON,12,22,32,JUAREZ,3236,310,2941° lugar,MICROSECCION
19,NUEVO LEON,9,24,30,HUALAHUISES,828,309,2942° lugar,MICROSECCION
19,NUEVO LEON,6,6,40,MONTERREY,1183,309,2943° lugar,MICROSECCION
19,NUEVO LEON,10,6,40,MONTERREY,1276,308,2944° lugar,MICROSECCION
19,NUEVO LEON,10,6,40,MONTERREY,1323,308,2945° lugar,MICROSECCION
19,NUEVO LEON,14,11,15,DR. COSS,303,306,2946° lugar,MICROSECCION
19,NUEVO LEON,10,6,40,MONTERREY,1155,306,2947° lugar,MICROSECCION
19,NUEVO LEON,10,6,40,MONTERREY,1216,305,2948° lugar,MICROSECCION
19,NUEVO LEON,10,6,40,MONTERREY,1278,305,2949° lugar,MICROSECCION
19,NUEVO LEON,6,3,40,MONTERREY,1037,304,2950° lugar,MICROSECCION
19,NUEVO LEON,9,24,14,DR. ARROYO,284,303,2951° lugar,MICROSECCION
19,NUEVO LEON,10,6,40,MONTERREY,1266,301,2952° lugar,MICROSECCION
19,NUEVO LEON,7,20,18,GARCIA,2566,301,2953° lugar,MICROSECCION
19,NUEVO LEON,14,11,11,CERRALVO,230,300,2954° lugar,MICROSECCION
19,NUEVO LEON,9,24,34,LINARES,893,299,2955° lugar,MICROSECCION
19,NUEVO LEON,10,6,40,MONTERREY,1254,299,2956° lugar,MICROSECCION
19,NUEVO LEON,6,6,40,MONTERREY,1647,299,2957° lugar,MICROSECCION
19,NUEVO LEON,9,24,44,RAYONES,1727,298,2958° lugar,MICROSECCION
19,NUEVO LEON,11,15,26,GUADALUPE,567,297,2959° lugar,MICROSECCION
19,NUEVO LEON,13,4,38,MINA,927,297,2960° lugar,MICROSECCION
19,NUEVO LEON,9,24,49,SANTIAGO,2106,297,2961° lugar,MICROSECCION
19,NUEVO LEON,6,6,40,MONTERREY,1639,296,2962° lugar,MICROSECCION
19,NUEVO LEON,9,24,17,GALEANA,332,295,2963° lugar,MICROSECCION
19,NUEVO LEON,10,6,40,MONTERREY,1270,294,2964° lugar,MICROSECCION
19,NUEVO LEON,12,22,32,JUAREZ,853,293,2965° lugar,MICROSECCION
19,NUEVO LEON,13,21,2,AGUALEGUAS,7,292,2966° lugar,MICROSECCION
19,NUEVO LEON,5,6,40,MONTERREY,1631,292,2967° lugar,MICROSECCION
19,NUEVO LEON,13,21,5,ANAHUAC,52,288,2968° lugar,MICROSECCION
19,NUEVO LEON,7,20,18,GARCIA,2578,287,2969° lugar,MICROSECCION
19,NUEVO LEON,10,6,40,MONTERREY,1696,286,2970° lugar,MICROSECCION
19,NUEVO LEON,10,6,40,MONTERREY,1215,285,2971° lugar,MICROSECCION
19,NUEVO LEON,10,6,40,MONTERREY,1677,285,2972° lugar,MICROSECCION
19,NUEVO LEON,11,15,26,GUADALUPE,529,283,2973° lugar,MICROSECCION
19,NUEVO LEON,10,6,40,MONTERREY,1273,283,2974° lugar,MICROSECCION
19,NUEVO LEON,6,6,40,MONTERREY,1104,282,2975° lugar,MICROSECCION
19,NUEVO LEON,7,12,18,GARCIA,352,281,2976° lugar,MICROSECCION
19,NUEVO LEON,10,6,40,MONTERREY,1188,281,2977° lugar,MICROSECCION
19,NUEVO LEON,10,6,40,MONTERREY,2725,278,2978° lugar,MICROSECCION
19,NUEVO LEON,9,24,17,GALEANA,344,277,2979° lugar,MICROSECCION
19,NUEVO LEON,7,20,18,GARCIA,2582,277,2980° lugar,MICROSECCION
19,NUEVO LEON,9,11,22,GRAL. TERAN,513,276,2981° lugar,MICROSECCION
19,NUEVO LEON,11,15,26,GUADALUPE,589,276,2982° lugar,MICROSECCION
19,NUEVO LEON,10,6,40,MONTERREY,1178,276,2983° lugar,MICROSECCION
19,NUEVO LEON,10,6,40,MONTERREY,1212,275,2984° lugar,MICROSECCION
19,NUEVO LEON,10,6,40,MONTERREY,1271,274,2985° lugar,MICROSECCION
19,NUEVO LEON,10,6,40,MONTERREY,1217,273,2986° lugar,MICROSECCION
19,NUEVO LEON,6,3,40,MONTERREY,1016,271,2987° lugar,MICROSECCION
19,NUEVO LEON,9,26,39,MONTEMORELOS,966,269,2988° lugar,MICROSECCION
19,NUEVO LEON,3,17,21,GRAL. ESCOBEDO,2142,267,2989° lugar,MICROSECCION
19,NUEVO LEON,9,24,17,GALEANA,331,266,2990° lugar,MICROSECCION
19,NUEVO LEON,14,11,43,LOS RAMONES,1722,265,2991° lugar,MICROSECCION
19,NUEVO LEON,9,24,7,ARAMBERRI,154,263,2992° lugar,MICROSECCION
19,NUEVO LEON,9,24,37,MIER Y NORIEGA,922,262,2993° lugar,MICROSECCION
19,NUEVO LEON,9,24,34,LINARES,903,260,2994° lugar,MICROSECCION
19,NUEVO LEON,6,6,40,MONTERREY,1111,260,2995° lugar,MICROSECCION
19,NUEVO LEON,7,20,18,GARCIA,2570,260,2996° lugar,MICROSECCION
19,NUEVO LEON,10,6,40,MONTERREY,1186,259,2997° lugar,MICROSECCION
19,NUEVO LEON,13,21,45,SABINAS HIDALGO,1741,259,2998° lugar,MICROSECCION
19,NUEVO LEON,7,20,18,GARCIA,2579,259,2999° lugar,MICROSECCION
19,NUEVO LEON,9,24,17,GALEANA,324,258,3000° lugar,MICROSECCION
19,NUEVO LEON,9,24,17,GALEANA,338,258,3001° lugar,MICROSECCION
19,NUEVO LEON,9,24,34,LINARES,891,258,3002° lugar,MICROSECCION
19,NUEVO LEON,6,6,40,MONTERREY,1062,257,3003° lugar,MICROSECCION
19,NUEVO LEON,4,10,47,SAN NICOLAS DE LOS GARZA,1798,257,3004° lugar,MICROSECCION
19,NUEVO LEON,10,6,40,MONTERREY,1202,256,3005° lugar,MICROSECCION
19,NUEVO LEON,8,7,6,APODACA,2733,255,3006° lugar,MICROSECCION
19,NUEVO LEON,6,6,40,MONTERREY,1182,254,3007° lugar,MICROSECCION
19,NUEVO LEON,10,6,40,MONTERREY,1268,254,3008° lugar,MICROSECCION
19,NUEVO LEON,10,6,40,MONTERREY,1272,254,3009° lugar,MICROSECCION
19,NUEVO LEON,14,11,13,CHINA,253,252,3010° lugar,MICROSECCION
19,NUEVO LEON,12,22,32,JUAREZ,3230,251,3011° lugar,MICROSECCION
19,NUEVO LEON,13,21,50,VALLECILLO,2116,250,3012° lugar,MICROSECCION
19,NUEVO LEON,6,6,40,MONTERREY,1143,249,3013° lugar,MICROSECCION
19,NUEVO LEON,10,6,40,MONTERREY,1214,249,3014° lugar,MICROSECCION
19,NUEVO LEON,9,24,49,SANTIAGO,2100,245,3015° lugar,MICROSECCION
19,NUEVO LEON,14,26,9,CADEREYTA JIMENEZ,208,244,3016° lugar,MICROSECCION
19,NUEVO LEON,13,21,50,VALLECILLO,2112,244,3017° lugar,MICROSECCION
19,NUEVO LEON,13,21,5,ANAHUAC,51,242,3018° lugar,MICROSECCION
19,NUEVO LEON,10,6,40,MONTERREY,1151,242,3019° lugar,MICROSECCION
19,NUEVO LEON,7,20,18,GARCIA,2586,241,3020° lugar,MICROSECCION
19,NUEVO LEON,9,26,39,MONTEMORELOS,943,239,3021° lugar,MICROSECCION
19,NUEVO LEON,10,6,40,MONTERREY,1287,238,3022° lugar,MICROSECCION
19,NUEVO LEON,6,6,40,MONTERREY,1160,237,3023° lugar,MICROSECCION
19,NUEVO LEON,9,26,39,MONTEMORELOS,971,236,3024° lugar,MICROSECCION
19,NUEVO LEON,10,6,40,MONTERREY,1163,236,3025° lugar,MICROSECCION
19,NUEVO LEON,6,6,40,MONTERREY,1646,235,3026° lugar,MICROSECCION
19,NUEVO LEON,13,21,45,SABINAS HIDALGO,1751,234,3027° lugar,MICROSECCION
19,NUEVO LEON,13,21,2,AGUALEGUAS,11,233,3028° lugar,MICROSECCION
19,NUEVO LEON,6,6,40,MONTERREY,1634,233,3029° lugar,MICROSECCION
19,NUEVO LEON,14,11,16,DR. GONZALEZ,308,232,3030° lugar,MICROSECCION
19,NUEVO LEON,10,6,40,MONTERREY,1176,231,3031° lugar,MICROSECCION
19,NUEVO LEON,6,6,40,MONTERREY,1141,227,3032° lugar,MICROSECCION
19,NUEVO LEON,14,26,9,CADEREYTA JIMENEZ,195,226,3033° lugar,MICROSECCION
19,NUEVO LEON,9,24,14,DR. ARROYO,285,226,3034° lugar,MICROSECCION
19,NUEVO LEON,10,6,40,MONTERREY,1187,224,3035° lugar,MICROSECCION
19,NUEVO LEON,6,6,40,MONTERREY,1022,222,3036° lugar,MICROSECCION
19,NUEVO LEON,10,6,40,MONTERREY,1245,222,3037° lugar,MICROSECCION
19,NUEVO LEON,9,24,24,GRAL. ZARAGOZA,521,221,3038° lugar,MICROSECCION
19,NUEVO LEON,10,6,40,MONTERREY,2724,219,3039° lugar,MICROSECCION
19,NUEVO LEON,14,11,15,DR. COSS,296,217,3040° lugar,MICROSECCION
19,NUEVO LEON,6,6,40,MONTERREY,1140,217,3041° lugar,MICROSECCION
19,NUEVO LEON,13,21,5,ANAHUAC,55,215,3042° lugar,MICROSECCION
19,NUEVO LEON,6,6,40,MONTERREY,1629,214,3043° lugar,MICROSECCION
19,NUEVO LEON,9,26,39,MONTEMORELOS,968,213,3044° lugar,MICROSECCION
19,NUEVO LEON,9,24,17,GALEANA,333,212,3045° lugar,MICROSECCION
19,NUEVO LEON,10,6,40,MONTERREY,1201,212,3046° lugar,MICROSECCION
19,NUEVO LEON,12,22,32,JUAREZ,3228,211,3047° lugar,MICROSECCION
19,NUEVO LEON,10,6,40,MONTERREY,1165,210,3048° lugar,MICROSECCION
19,NUEVO LEON,14,26,9,CADEREYTA JIMENEZ,215,203,3049° lugar,MICROSECCION
19,NUEVO LEON,9,26,39,MONTEMORELOS,957,201,3050° lugar,MICROSECCION
19,NUEVO LEON,13,4,46,SALINAS VICTORIA,1756,199,3051° lugar,MICROSECCION
19,NUEVO LEON,9,24,34,LINARES,894,198,3052° lugar,MICROSECCION
19,NUEVO LEON,9,26,39,MONTEMORELOS,967,197,3053° lugar,MICROSECCION
19,NUEVO LEON,10,6,40,MONTERREY,1153,196,3054° lugar,MICROSECCION
19,NUEVO LEON,9,24,17,GALEANA,330,195,3055° lugar,MICROSECCION
19,NUEVO LEON,6,6,40,MONTERREY,1145,195,3056° lugar,MICROSECCION
19,NUEVO LEON,6,6,40,MONTERREY,1161,194,3057° lugar,MICROSECCION
19,NUEVO LEON,9,24,7,ARAMBERRI,159,193,3058° lugar,MICROSECCION
19,NUEVO LEON,14,11,43,LOS RAMONES,1718,193,3059° lugar,MICROSECCION
19,NUEVO LEON,10,6,40,MONTERREY,1262,192,3060° lugar,MICROSECCION
19,NUEVO LEON,10,6,40,MONTERREY,1699,188,3061° lugar,MICROSECCION
19,NUEVO LEON,13,4,46,SALINAS VICTORIA,1757,187,3062° lugar,MICROSECCION
19,NUEVO LEON,9,24,17,GALEANA,341,186,3063° lugar,MICROSECCION
19,NUEVO LEON,13,4,38,MINA,928,184,3064° lugar,MICROSECCION
19,NUEVO LEON,10,6,40,MONTERREY,1164,183,3065° lugar,MICROSECCION
19,NUEVO LEON,10,6,40,MONTERREY,1174,181,3066° lugar,MICROSECCION
19,NUEVO LEON,10,6,40,MONTERREY,1198,178,3067° lugar,MICROSECCION
19,NUEVO LEON,9,24,17,GALEANA,337,177,3068° lugar,MICROSECCION
19,NUEVO LEON,9,24,49,SANTIAGO,2108,176,3069° lugar,MICROSECCION
19,NUEVO LEON,10,6,40,MONTERREY,1193,174,3070° lugar,MICROSECCION
19,NUEVO LEON,10,6,40,MONTERREY,1283,170,3071° lugar,MICROSECCION
19,NUEVO LEON,9,24,17,GALEANA,314,167,3072° lugar,MICROSECCION
19,NUEVO LEON,9,24,30,HUALAHUISES,829,167,3073° lugar,MICROSECCION
19,NUEVO LEON,13,21,50,VALLECILLO,2114,167,3074° lugar,MICROSECCION
19,NUEVO LEON,9,24,34,LINARES,890,166,3075° lugar,MICROSECCION
19,NUEVO LEON,14,11,23,GRAL. TREVIðO,515,160,3076° lugar,MICROSECCION
19,NUEVO LEON,13,4,38,MINA,930,159,3077° lugar,MICROSECCION
19,NUEVO LEON,14,11,11,CERRALVO,228,158,3078° lugar,MICROSECCION
19,NUEVO LEON,9,11,22,GRAL. TERAN,498,153,3079° lugar,MICROSECCION
19,NUEVO LEON,9,26,39,MONTEMORELOS,959,153,3080° lugar,MICROSECCION
19,NUEVO LEON,10,6,40,MONTERREY,1177,151,3081° lugar,MICROSECCION
19,NUEVO LEON,10,6,40,MONTERREY,1173,150,3082° lugar,MICROSECCION
19,NUEVO LEON,9,24,24,GRAL. ZARAGOZA,520,148,3083° lugar,MICROSECCION
19,NUEVO LEON,2,16,6,APODACA,2736,139,3084° lugar,MICROSECCION
19,NUEVO LEON,10,6,40,MONTERREY,1194,138,3085° lugar,MICROSECCION
19,NUEVO LEON,9,24,37,MIER Y NORIEGA,921,136,3086° lugar,MICROSECCION
19,NUEVO LEON,6,6,40,MONTERREY,1181,133,3087° lugar,MICROSECCION
19,NUEVO LEON,6,6,40,MONTERREY,1203,130,3088° lugar,MICROSECCION
19,NUEVO LEON,14,11,15,DR. COSS,301,125,3089° lugar,MICROSECCION
19,NUEVO LEON,10,6,40,MONTERREY,1184,125,3090° lugar,MICROSECCION
19,NUEVO LEON,10,6,40,MONTERREY,1169,124,3091° lugar,MICROSECCION
19,NUEVO LEON,10,6,40,MONTERREY,1641,124,3092° lugar,MICROSECCION
19,NUEVO LEON,12,22,32,JUAREZ,852,123,3093° lugar,MICROSECCION
19,NUEVO LEON,4,10,47,SAN NICOLAS DE LOS GARZA,1912,120,3094° lugar,MICROSECCION
19,NUEVO LEON,9,24,49,SANTIAGO,2107,120,3095° lugar,MICROSECCION
19,NUEVO LEON,13,21,50,VALLECILLO,2113,120,3096° lugar,MICROSECCION
19,NUEVO LEON,13,4,51,VILLALDAMA,2122,120,3097° lugar,MICROSECCION
19,NUEVO LEON,14,11,13,CHINA,247,119,3098° lugar,MICROSECCION
19,NUEVO LEON,12,22,32,JUAREZ,2723,119,3099° lugar,MICROSECCION
19,NUEVO LEON,10,6,40,MONTERREY,1168,114,3100° lugar,MICROSECCION
19,NUEVO LEON,9,24,14,DR. ARROYO,264,113,3101° lugar,MICROSECCION
19,NUEVO LEON,6,6,40,MONTERREY,1119,113,3102° lugar,MICROSECCION
19,NUEVO LEON,14,11,20,GRAL. BRAVO,426,112,3103° lugar,MICROSECCION
19,NUEVO LEON,2,5,6,APODACA,2449,109,3104° lugar,MICROSECCION
19,NUEVO LEON,13,21,5,ANAHUAC,57,105,3105° lugar,MICROSECCION
19,NUEVO LEON,6,6,40,MONTERREY,1131,105,3106° lugar,MICROSECCION
19,NUEVO LEON,13,21,33,LAMPAZOS DE NARANJO,858,100,3107° lugar,MICROSECCION
19,NUEVO LEON,1,19,48,SANTA CATARINA,2085,99,3108° lugar,MICROSECCION
19,NUEVO LEON,9,24,30,HUALAHUISES,830,97,3109° lugar,MICROSECCION
19,NUEVO LEON,2,16,6,APODACA,2735,92,3110° lugar,MICROSECCION
19,NUEVO LEON,14,11,15,DR. COSS,300,88,3111° lugar,MICROSECCION
19,NUEVO LEON,14,11,15,DR. COSS,299,72,3112° lugar,MICROSECCION
19,NUEVO LEON,4,9,47,SAN NICOLAS DE LOS GARZA,2734,24,3113° lugar,MICROSECCION
19,NUEVO LEON,12,23,32,JUAREZ,2909,19,3114° lugar,MICROSECCION
